,token,symbol,name,expiry,strike,lotsize,instrumenttype,exch_seg,tick_size
11,11821,WELCORP-EQ,WELCORP,,-1.0,1,,NSE,5.0
13,14245,TVSSRICHAK-EQ,TVSSRICHAK,,-1.0,1,,NSE,5.0
16,5606,INTLCONV-EQ,INTLCONV,,-1.0,1,,NSE,5.0
19,15278,ONMOBILE-EQ,ONMOBILE,,-1.0,1,,NSE,5.0
22,13285,M&MFIN-EQ,M&MFIN,,-1.0,1,,NSE,5.0
23,13496,PFOCUS-EQ,PFOCUS,,-1.0,1,,NSE,5.0
28,7679,MONARCH-EQ,MONARCH,,-1.0,1,,NSE,5.0
30,20877,PSPPROJECT-EQ,PSPPROJECT,,-1.0,1,,NSE,5.0
31,14947,MOTILALOFS-EQ,MOTILALOFS,,-1.0,1,,NSE,5.0
32,6280,MEDICAMEQ-BL,MEDICAMEQ,,-1.0,1,,NSE,5.0
33,7145,ANANDRATHI-EQ,ANANDRATHI,,-1.0,1,,NSE,5.0
42,13710,FIEMIND-EQ,FIEMIND,,-1.0,1,,NSE,5.0
43,14043,SARLAPOLY-EQ,SARLAPOLY,,-1.0,1,,NSE,5.0
45,7376,HPAL-EQ,HPAL,,-1.0,1,,NSE,5.0
48,11319,LICNETFN50-EQ,LICNETFN50,,-1.0,1,,NSE,1.0
51,11355,PTC-EQ,PTC,,-1.0,1,,NSE,5.0
52,24781,BSLNIFTY-EQ,BSLNIFTY,,-1.0,1,,NSE,1.0
53,11549,TEXINFRA-EQ,TEXINFRA,,-1.0,1,,NSE,5.0
56,3136,BARBEQUE-BL,BARBEQUE,,-1.0,1,,NSE,5.0
60,19731,GPPL-EQ,GPPL,,-1.0,1,,NSE,5.0
68,19292,TERASOFT-EQ,TERASOFT,,-1.0,1,,NSE,5.0
72,2717,PRECWIRE-EQ,PRECWIRE,,-1.0,1,,NSE,5.0
80,21957,INDTERRAIN-EQ,INDTERRAIN,,-1.0,1,,NSE,5.0
81,17256,ALBERTDAVD-EQ,ALBERTDAVD,,-1.0,1,,NSE,5.0
82,18422,ASIANHOTNR-EQ,ASIANHOTNR,,-1.0,1,,NSE,5.0
86,5911,PARAS-EQ,PARAS,,-1.0,1,,NSE,5.0
89,13572,MANUGRAPH-EQ,MANUGRAPH,,-1.0,1,,NSE,5.0
92,1814,KALPATPOWR-EQ,KALPATPOWR,,-1.0,1,,NSE,5.0
93,10578,MPSLTD-EQ,MPSLTD,,-1.0,1,,NSE,5.0
96,381,SINTERCOM-EQ,SINTERCOM,,-1.0,1,,NSE,5.0
103,14086,IGPL-EQ,IGPL,,-1.0,1,,NSE,5.0
111,13061,IIFLWAM-EQ,IIFLWAM,,-1.0,1,,NSE,5.0
120,10406,STEELCITY-EQ,STEELCITY,,-1.0,1,,NSE,5.0
126,13367,SGL-EQ,SGL,,-1.0,1,,NSE,5.0
129,13376,UTTAMSUGAR-EQ,UTTAMSUGAR,,-1.0,1,,NSE,5.0
132,24391,DELPHIFX-EQ,DELPHIFX,,-1.0,1,,NSE,5.0
136,20072,INFRABEES-EQ,INFRABEES,,-1.0,1,,NSE,1.0
137,17641,SUNTECK-EQ,SUNTECK,,-1.0,1,,NSE,5.0
144,14296,SEQUENT-EQ,SEQUENT,,-1.0,1,,NSE,5.0
145,28906,MAYURUNIQ-EQ,MAYURUNIQ,,-1.0,1,,NSE,5.0
146,14208,TV18BRDCST-EQ,TV18BRDCST,,-1.0,1,,NSE,5.0
149,425,KHADIM-EQ,KHADIM,,-1.0,1,,NSE,5.0
151,9087,PIXTRANS-EQ,PIXTRANS,,-1.0,1,,NSE,5.0
152,5200,GRAUWEIL-EQ,GRAUWEIL,,-1.0,1,,NSE,5.0
155,16249,INFIBEAM-EQ,INFIBEAM,,-1.0,1,,NSE,5.0
157,13300,NITCO-EQ,NITCO,,-1.0,1,,NSE,5.0
159,13310,KEI-EQ,KEI,,-1.0,1,,NSE,5.0
160,17069,UJJIVAN-EQ,UJJIVAN,,-1.0,1,,NSE,5.0
161,12022,AURIONPRO-EQ,AURIONPRO,,-1.0,1,,NSE,5.0
163,15555,HCG-EQ,HCG,,-1.0,1,,NSE,5.0
167,2649,PCBL-EQ,PCBL,,-1.0,1,,NSE,5.0
170,7844,ICICIAUTO-EQ,ICICIAUTO,,-1.0,1,,NSE,1.0
174,21195,GTPL-EQ,GTPL,,-1.0,1,,NSE,5.0
175,15271,CORDSCABLE-EQ,CORDSCABLE,,-1.0,1,,NSE,5.0
177,29553,ICICINIFTY-EQ,ICICINIFTY,,-1.0,1,,NSE,1.0
178,15151,MADHAV-EQ,MADHAV,,-1.0,1,,NSE,5.0
184,2029,IRFC-EQ,IRFC,,-1.0,1,,NSE,5.0
185,1041,FINPIPE-EQ,FINPIPE,,-1.0,1,,NSE,5.0
187,154,APCOTEXIND-EQ,APCOTEXIND,,-1.0,1,,NSE,5.0
193,3509,TNPETRO-EQ,TNPETRO,,-1.0,1,,NSE,5.0
205,1455,HIL-EQ,HIL,,-1.0,1,,NSE,5.0
206,21119,KICL-EQ,KICL,,-1.0,1,,NSE,5.0
207,2018,LUMAXIND-EQ,LUMAXIND,,-1.0,1,,NSE,5.0
208,11262,IGL-EQ,IGL,,-1.0,1,,NSE,5.0
211,2388,NELCO-EQ,NELCO,,-1.0,1,,NSE,5.0
213,6596,SONATSOFTW-EQ,SONATSOFTW,,-1.0,1,,NSE,5.0
240,4041,JAYAGROGN-EQ,JAYAGROGN,,-1.0,1,,NSE,5.0
241,2997,SANGHIIND-EQ,SANGHIIND,,-1.0,1,,NSE,5.0
243,13658,GEECEE-EQ,GEECEE,,-1.0,1,,NSE,5.0
244,14490,NCLIND-EQ,NCLIND,,-1.0,1,,NSE,5.0
257,20080,EROSMEDIA-EQ,EROSMEDIA,,-1.0,1,,NSE,5.0
259,13875,JINDRILL-EQ,JINDRILL,,-1.0,1,,NSE,5.0
262,6051,CYBERTECH-EQ,CYBERTECH,,-1.0,1,,NSE,5.0
264,13592,HOVS-EQ,HOVS,,-1.0,1,,NSE,5.0
265,11915,YESBANK-EQ,YESBANK,,-1.0,1,,NSE,5.0
270,14260,PGIL-EQ,PGIL,,-1.0,1,,NSE,5.0
271,7218,SBIETFQLTY-EQ,SBIETFQLTY,,-1.0,1,,NSE,1.0
278,11872,GRANULES-EQ,GRANULES,,-1.0,1,,NSE,5.0
282,7902,LFIC-EQ,LFIC,,-1.0,1,,NSE,5.0
283,19196,TI-EQ,TI,,-1.0,1,,NSE,5.0
298,5366,WINDLAS-EQ,WINDLAS,,-1.0,1,,NSE,5.0
299,25756,VIKASECO-EQ,VIKASECO,,-1.0,1,,NSE,5.0
301,2979,ORTINLAB-EQ,ORTINLAB,,-1.0,1,,NSE,5.0
307,13251,SAKUMA-EQ,SAKUMA,,-1.0,1,,NSE,5.0
310,27067,VSSL-EQ,VSSL,,-1.0,1,,NSE,5.0
311,29850,GSCLCEMENT-EQ,GSCLCEMENT,,-1.0,1,,NSE,5.0
312,11233,SUVEN-EQ,SUVEN,,-1.0,1,,NSE,5.0
315,11662,BCP-EQ,BCP,,-1.0,1,,NSE,5.0
325,8167,MANYAVAR-EQ,MANYAVAR,,-1.0,1,,NSE,5.0
326,1624,IOC-EQ,IOC,,-1.0,1,,NSE,5.0
332,1901,CUMMINSIND-EQ,CUMMINSIND,,-1.0,1,,NSE,5.0
339,967,SUBEXLTD-EQ,SUBEXLTD,,-1.0,1,,NSE,5.0
343,31507,JPOLYINVST-EQ,JPOLYINVST,,-1.0,1,,NSE,5.0
348,17963,NESTLEIND-EQ,NESTLEIND,,-1.0,1,,NSE,5.0
349,3672,SOLARA-EQ,SOLARA,,-1.0,1,,NSE,5.0
354,419,BEPL-EQ,BEPL,,-1.0,1,,NSE,5.0
358,13275,INDOTECH-EQ,INDOTECH,,-1.0,1,,NSE,5.0
360,1756,JINDALPOLY-EQ,JINDALPOLY,,-1.0,1,,NSE,5.0
361,5292,PRITIKAUTO-EQ,PRITIKAUTO,,-1.0,1,,NSE,5.0
362,19265,BLISSGVS-EQ,BLISSGVS,,-1.0,1,,NSE,5.0
367,2514,OSWALAGRO-EQ,OSWALAGRO,,-1.0,1,,NSE,5.0
382,495,BLUEDART-EQ,BLUEDART,,-1.0,1,,NSE,5.0
385,13920,PLASTIBLEN-EQ,PLASTIBLEN,,-1.0,1,,NSE,5.0
387,17758,SARDAEN-EQ,SARDAEN,,-1.0,1,,NSE,5.0
388,3857,VARROC-EQ,VARROC,,-1.0,1,,NSE,5.0
389,10579,MARKSANS-EQ,MARKSANS,,-1.0,1,,NSE,5.0
393,11483,LT-EQ,LT,,-1.0,1,,NSE,5.0
401,21091,STARCEMENT-EQ,STARCEMENT,,-1.0,1,,NSE,5.0
415,4184,SANGAMIND-EQ,SANGAMIND,,-1.0,1,,NSE,5.0
416,1927,LIQUIDETF-EQ,LIQUIDETF,,-1.0,1,,NSE,1.0
421,11580,WESTLIFE-EQ,WESTLIFE,,-1.0,1,,NSE,5.0
422,17279,BLS-EQ,BLS,,-1.0,1,,NSE,5.0
428,1247,GSFC-EQ,GSFC,,-1.0,1,,NSE,5.0
430,2610,PEARLPOLY-EQ,PEARLPOLY,,-1.0,1,,NSE,5.0
433,31415,NBCC-EQ,NBCC,,-1.0,1,,NSE,5.0
434,739,COROMANDEL-EQ,COROMANDEL,,-1.0,1,,NSE,5.0
438,1076,ZENSARTECH-EQ,ZENSARTECH,,-1.0,1,,NSE,5.0
442,4822,DODLA-EQ,DODLA,,-1.0,1,,NSE,5.0
446,17130,PARAGMILK-EQ,PARAGMILK,,-1.0,1,,NSE,5.0
454,4244,HDFCAMC-EQ,HDFCAMC,,-1.0,1,,NSE,5.0
455,9168,UTISXN50-EQ,UTISXN50,,-1.0,1,,NSE,1.0
457,13409,GPIL-EQ,GPIL,,-1.0,1,,NSE,5.0
465,2306,BESTAGRO-EQ,BESTAGRO,,-1.0,1,,NSE,5.0
468,18783,IDFNIFTYET-EQ,IDFNIFTYET,,-1.0,1,,NSE,1.0
475,20134,RAMKY-EQ,RAMKY,,-1.0,1,,NSE,5.0
480,2783,JUBLINGREA-EQ,JUBLINGREA,,-1.0,1,,NSE,5.0
484,11935,SPLIL-EQ,SPLIL,,-1.0,1,,NSE,5.0
485,3481,THOMASCOOK-EQ,THOMASCOOK,,-1.0,1,,NSE,5.0
487,11591,HDFCNIFETF-EQ,HDFCNIFETF,,-1.0,1,,NSE,1.0
488,15161,HITECHCORP-EQ,HITECHCORP,,-1.0,1,,NSE,5.0
497,3321,SPMLINFRA-EQ,SPMLINFRA,,-1.0,1,,NSE,5.0
498,18118,THANGAMAYL-EQ,THANGAMAYL,,-1.0,1,,NSE,5.0
500,17270,ASPINWALL-EQ,ASPINWALL,,-1.0,1,,NSE,5.0
501,13035,SAFARI-EQ,SAFARI,,-1.0,1,,NSE,5.0
505,11511,CENTEXT-EQ,CENTEXT,,-1.0,1,,NSE,5.0
507,7227,MAPMYINDIA-EQ,MAPMYINDIA,,-1.0,1,,NSE,5.0
509,13116,QUICKHEAL-EQ,QUICKHEAL,,-1.0,1,,NSE,5.0
510,17598,ASALCBR-EQ,ASALCBR,,-1.0,1,,NSE,5.0
515,17094,CROMPTON-EQ,CROMPTON,,-1.0,1,,NSE,5.0
518,422,BHARATFORG-EQ,BHARATFORG,,-1.0,1,,NSE,5.0
525,13522,NECCLTD-EQ,NECCLTD,,-1.0,1,,NSE,5.0
526,10939,JUNIORBEES-EQ,JUNIORBEES,,-1.0,1,,NSE,1.0
527,15119,EDELWEISS-EQ,EDELWEISS,,-1.0,1,,NSE,5.0
533,1023,FEDERALBNK-EQ,FEDERALBNK,,-1.0,1,,NSE,5.0
534,1044,AXISBNKETF-EQ,AXISBNKETF,,-1.0,1,,NSE,1.0
539,1660,ITC-EQ,ITC,,-1.0,1,,NSE,5.0
540,7463,MANAKSTEEL-EQ,MANAKSTEEL,,-1.0,1,,NSE,5.0
541,16222,EBBETF0423-EQ,EBBETF0423,,-1.0,1,,NSE,1.0
542,14597,ALPHAGEO-EQ,ALPHAGEO,,-1.0,1,,NSE,5.0
544,11399,SALZERELEC-EQ,SALZERELEC,,-1.0,1,,NSE,5.0
545,11309,BALAXI-EQ,BALAXI,,-1.0,1,,NSE,5.0
546,12347,ELGIEQUIP-BL,ELGIEQUIP,,-1.0,1,,NSE,5.0
548,21508,COCHINSHIP-EQ,COCHINSHIP,,-1.0,1,,NSE,5.0
549,16045,PRINCEPIPE-EQ,PRINCEPIPE,,-1.0,1,,NSE,5.0
553,2454,CENTRUM-EQ,CENTRUM,,-1.0,1,,NSE,5.0
554,10753,UNIONBANK-EQ,UNIONBANK,,-1.0,1,,NSE,5.0
556,13211,JAGRAN-EQ,JAGRAN,,-1.0,1,,NSE,5.0
557,19937,KILITCH-EQ,KILITCH,,-1.0,1,,NSE,5.0
568,6278,MEDICAMEQ-EQ,MEDICAMEQ,,-1.0,1,,NSE,5.0
569,383,BEL-EQ,BEL,,-1.0,1,,NSE,5.0
597,212,ASHOKLEY-EQ,ASHOKLEY,,-1.0,1,,NSE,5.0
598,1100,GARFIBRES-EQ,GARFIBRES,,-1.0,1,,NSE,5.0
599,14922,PURVA-EQ,PURVA,,-1.0,1,,NSE,5.0
607,29577,NIF100BEES-EQ,NIF100BEES,,-1.0,1,,NSE,1.0
614,7529,LCCINFOTEC-EQ,LCCINFOTEC,,-1.0,1,,NSE,5.0
616,19761,ADFFOODS-EQ,ADFFOODS,,-1.0,1,,NSE,5.0
623,6302,APOLSINHOT-EQ,APOLSINHOT,,-1.0,1,,NSE,5.0
626,8890,VERANDA-EQ,VERANDA,,-1.0,1,,NSE,5.0
631,7105,TEGA-EQ,TEGA,,-1.0,1,,NSE,5.0
637,4587,RAMCOIND-EQ,RAMCOIND,,-1.0,1,,NSE,5.0
639,11961,REVATHI-EQ,REVATHI,,-1.0,1,,NSE,5.0
641,5701,CUB-EQ,CUB,,-1.0,1,,NSE,5.0
648,7420,MANAKALUCO-EQ,MANAKALUCO,,-1.0,1,,NSE,5.0
651,6068,AIROLAM-EQ,AIROLAM,,-1.0,1,,NSE,5.0
654,1127,GHCL-EQ,GHCL,,-1.0,1,,NSE,5.0
655,3129,SHREYAS-EQ,SHREYAS,,-1.0,1,,NSE,5.0
659,6489,IRIS-EQ,IRIS,,-1.0,1,,NSE,5.0
663,1497,SHIVAMILLS-EQ,SHIVAMILLS,,-1.0,1,,NSE,5.0
666,8506,MID150BEES-EQ,MID150BEES,,-1.0,1,,NSE,1.0
676,17987,TRF-EQ,TRF,,-1.0,1,,NSE,5.0
678,14255,REDINGTON-EQ,REDINGTON,,-1.0,1,,NSE,5.0
697,9558,AKSHAR-EQ,AKSHAR,,-1.0,1,,NSE,5.0
701,1415,GLOBAL-EQ,GLOBAL,,-1.0,1,,NSE,5.0
704,2627,KOTAKIT-EQ,KOTAKIT,,-1.0,1,,NSE,1.0
706,1204,PRAXIS-EQ,PRAXIS,,-1.0,1,,NSE,5.0
710,8842,UMAEXPORTS-EQ,UMAEXPORTS,,-1.0,1,,NSE,5.0
711,2106,MANGLMCEM-EQ,MANGLMCEM,,-1.0,1,,NSE,5.0
712,20178,AKSHARCHEM-EQ,AKSHARCHEM,,-1.0,1,,NSE,5.0
717,445,5PAISA-EQ,5PAISA,,-1.0,1,,NSE,5.0
726,8175,SAGARDEEP-EQ,SAGARDEEP,,-1.0,1,,NSE,5.0
728,10530,SHARDAMOTR-EQ,SHARDAMOTR,,-1.0,1,,NSE,5.0
733,1214,DELTAMAGNT-EQ,DELTAMAGNT,,-1.0,1,,NSE,5.0
734,20160,CANTABIL-EQ,CANTABIL,,-1.0,1,,NSE,5.0
737,10099,GODREJCP-EQ,GODREJCP,,-1.0,1,,NSE,5.0
739,20790,SUMEETINDS-EQ,SUMEETINDS,,-1.0,1,,NSE,5.0
742,25082,TREEHOUSE-EQ,TREEHOUSE,,-1.0,1,,NSE,5.0
748,19211,HMVL-EQ,HMVL,,-1.0,1,,NSE,5.0
752,10457,ARVSMART-EQ,ARVSMART,,-1.0,1,,NSE,5.0
755,4116,HBSL-EQ,HBSL,,-1.0,1,,NSE,5.0
761,18214,TEXMOPIPES-EQ,TEXMOPIPES,,-1.0,1,,NSE,5.0
765,11987,ICIL-EQ,ICIL,,-1.0,1,,NSE,5.0
769,3405,TATACHEM-EQ,TATACHEM,,-1.0,1,,NSE,5.0
770,11386,ICICIBANKP-EQ,ICICIBANKP,,-1.0,1,,NSE,1.0
773,14403,RAJTV-EQ,RAJTV,,-1.0,1,,NSE,5.0
774,11522,NIITLTD-EQ,NIITLTD,,-1.0,1,,NSE,5.0
775,13900,CREST-EQ,CREST,,-1.0,1,,NSE,5.0
776,9305,STARTECK-EQ,STARTECK,,-1.0,1,,NSE,5.0
778,2181,BOSCHLTD-EQ,BOSCHLTD,,-1.0,1,,NSE,5.0
780,14677,GUJAPOLLO-EQ,GUJAPOLLO,,-1.0,1,,NSE,5.0
791,6943,TARSONS-EQ,TARSONS,,-1.0,1,,NSE,5.0
794,8153,MEGASTAR-EQ,MEGASTAR,,-1.0,1,,NSE,5.0
795,19531,BAJAJCON-EQ,BAJAJCON,,-1.0,1,,NSE,5.0
798,5614,GANESHBE-EQ,GANESHBE,,-1.0,1,,NSE,5.0
806,17625,MOLDTECH-EQ,MOLDTECH,,-1.0,1,,NSE,5.0
807,3918,NATCOPHARM-EQ,NATCOPHARM,,-1.0,1,,NSE,5.0
808,5578,AMIORG-EQ,AMIORG,,-1.0,1,,NSE,5.0
814,708,SHRADHA-EQ,SHRADHA,,-1.0,1,,NSE,5.0
818,11223,UCOBANK-EQ,UCOBANK,,-1.0,1,,NSE,5.0
823,634,IGARASHI-EQ,IGARASHI,,-1.0,1,,NSE,5.0
825,1085,GABRIEL-EQ,GABRIEL,,-1.0,1,,NSE,5.0
829,17547,AMRUTANJAN-EQ,AMRUTANJAN,,-1.0,1,,NSE,5.0
836,13,ABB-EQ,ABB,,-1.0,1,,NSE,5.0
840,13126,REPRO-EQ,REPRO,,-1.0,1,,NSE,5.0
844,14223,TIIL-EQ,TIIL,,-1.0,1,,NSE,5.0
851,18652,ICICIPRULI-EQ,ICICIPRULI,,-1.0,1,,NSE,5.0
852,1508,ASTERDM-EQ,ASTERDM,,-1.0,1,,NSE,5.0
856,5435,APTUS-EQ,APTUS,,-1.0,1,,NSE,5.0
858,29598,REPCOHOME-EQ,REPCOHOME,,-1.0,1,,NSE,5.0
862,6018,ABSLAMC-EQ,ABSLAMC,,-1.0,1,,NSE,5.0
870,2739,PRSMJOHNSN-EQ,PRSMJOHNSN,,-1.0,1,,NSE,5.0
871,6164,BHAGCHEM-EQ,BHAGCHEM,,-1.0,1,,NSE,5.0
872,9917,NEOGEN-EQ,NEOGEN,,-1.0,1,,NSE,5.0
875,7936,AVANTIFEED-EQ,AVANTIFEED,,-1.0,1,,NSE,5.0
876,15136,KAUSHALYA-EQ,KAUSHALYA,,-1.0,1,,NSE,5.0
878,25358,PGEL-EQ,PGEL,,-1.0,1,,NSE,5.0
880,29124,PCJEWELLER-EQ,PCJEWELLER,,-1.0,1,,NSE,5.0
893,3787,WIPRO-EQ,WIPRO,,-1.0,1,,NSE,5.0
895,1200,MAESGETF-EQ,MAESGETF,,-1.0,1,,NSE,1.0
899,17032,THYROCARE-EQ,THYROCARE,,-1.0,1,,NSE,5.0
905,3475,THERMAX-EQ,THERMAX,,-1.0,1,,NSE,5.0
907,804,SHIVATEX-EQ,SHIVATEX,,-1.0,1,,NSE,5.0
910,553,RELINFRA-EQ,RELINFRA,,-1.0,1,,NSE,5.0
918,17933,BEARDSELL-EQ,BEARDSELL,,-1.0,1,,NSE,5.0
922,11943,MCLEODRUSS-EQ,MCLEODRUSS,,-1.0,1,,NSE,5.0
928,11271,DREDGECORP-EQ,DREDGECORP,,-1.0,1,,NSE,5.0
929,559,BSL-EQ,BSL,,-1.0,1,,NSE,5.0
936,9592,VENUSPIPES-EQ,VENUSPIPES,,-1.0,1,,NSE,5.0
938,2998,SUVIDHAA-EQ,SUVIDHAA,,-1.0,1,,NSE,5.0
942,9685,TRIDENT-EQ,TRIDENT,,-1.0,1,,NSE,5.0
945,13197,GSPL-EQ,GSPL,,-1.0,1,,NSE,5.0
948,3727,ANMOL-EQ,ANMOL,,-1.0,1,,NSE,5.0
954,11840,NH-EQ,NH,,-1.0,1,,NSE,5.0
955,11884,MANINDS-EQ,MANINDS,,-1.0,1,,NSE,5.0
958,24190,SYMPHONY-EQ,SYMPHONY,,-1.0,1,,NSE,5.0
960,4279,DENORA-EQ,DENORA,,-1.0,1,,NSE,5.0
961,6353,MAN50ETF-EQ,MAN50ETF,,-1.0,1,,NSE,1.0
963,3626,ICICIPHARM-EQ,ICICIPHARM,,-1.0,1,,NSE,1.0
972,31234,SCHNEIDER-EQ,SCHNEIDER,,-1.0,1,,NSE,5.0
979,2004,AHLADA-EQ,AHLADA,,-1.0,1,,NSE,5.0
980,9480,LICI-EQ,LICI,,-1.0,1,,NSE,5.0
985,2107,STOVEKRAFT-EQ,STOVEKRAFT,,-1.0,1,,NSE,5.0
986,13270,JKCEMENT-EQ,JKCEMENT,,-1.0,1,,NSE,5.0
988,12018,SUZLON-EQ,SUZLON,,-1.0,1,,NSE,5.0
992,3348,SUNFLAG-EQ,SUNFLAG,,-1.0,1,,NSE,5.0
996,8771,MEP-EQ,MEP,,-1.0,1,,NSE,5.0
1006,14339,GANESHHOUC-EQ,GANESHHOUC,,-1.0,1,,NSE,5.0
1007,330,VALIANTORG-EQ,VALIANTORG,,-1.0,1,,NSE,5.0
1010,19679,ICICIGOLD-EQ,ICICIGOLD,,-1.0,1,,NSE,1.0
1011,10794,CANBK-EQ,CANBK,,-1.0,1,,NSE,5.0
1012,20086,CAREERP-EQ,CAREERP,,-1.0,1,,NSE,5.0
1013,6286,GULPOLY-EQ,GULPOLY,,-1.0,1,,NSE,5.0
1015,17272,SETFGOLD-EQ,SETFGOLD,,-1.0,1,,NSE,1.0
1019,6951,LINC-EQ,LINC,,-1.0,1,,NSE,5.0
1022,10637,OLECTRA-EQ,OLECTRA,,-1.0,1,,NSE,5.0
1024,20063,SASTASUNDR-EQ,SASTASUNDR,,-1.0,1,,NSE,5.0
1030,1708,JAYBARMARU-EQ,JAYBARMARU,,-1.0,1,,NSE,5.0
1033,5168,SBIETFCON-EQ,SBIETFCON,,-1.0,1,,NSE,1.0
1034,547,BRITANNIA-EQ,BRITANNIA,,-1.0,1,,NSE,5.0
1037,13925,NFL-EQ,NFL,,-1.0,1,,NSE,5.0
1038,18889,KSL-EQ,KSL,,-1.0,1,,NSE,5.0
1041,6297,HEALTHY-EQ,HEALTHY,,-1.0,1,,NSE,1.0
1049,14848,ALPA-EQ,ALPA,,-1.0,1,,NSE,5.0
1050,24265,ESTER-EQ,ESTER,,-1.0,1,,NSE,5.0
1051,1255,GOLDENTOBC-EQ,GOLDENTOBC,,-1.0,1,,NSE,5.0
1055,17514,SETCO-EQ,SETCO,,-1.0,1,,NSE,5.0
1059,15229,LICNFNHGP-EQ,LICNFNHGP,,-1.0,1,,NSE,1.0
1060,3493,TINPLATE-EQ,TINPLATE,,-1.0,1,,NSE,5.0
1062,13147,PVR-EQ,PVR,,-1.0,1,,NSE,5.0
1063,11606,GUFICBIO-EQ,GUFICBIO,,-1.0,1,,NSE,5.0
1066,2275,IRISDOREME-EQ,IRISDOREME,,-1.0,1,,NSE,5.0
1068,4491,JCHAC-EQ,JCHAC,,-1.0,1,,NSE,5.0
1069,10576,NIFTYBEES-EQ,NIFTYBEES,,-1.0,1,,NSE,1.0
1071,368,BASF-EQ,BASF,,-1.0,1,,NSE,5.0
1080,919,EIHOTEL-EQ,EIHOTEL,,-1.0,1,,NSE,5.0
1082,1922,KOTAKBANK-EQ,KOTAKBANK,,-1.0,1,,NSE,5.0
1085,7852,INOXWIND-EQ,INOXWIND,,-1.0,1,,NSE,5.0
1090,25897,MINDACORP-EQ,MINDACORP,,-1.0,1,,NSE,5.0
1093,9039,UFO-EQ,UFO,,-1.0,1,,NSE,5.0
1094,20196,BEDMUTHA-EQ,BEDMUTHA,,-1.0,1,,NSE,5.0
1098,13517,EMAMILTD-EQ,EMAMILTD,,-1.0,1,,NSE,5.0
1103,8477,XELPMOC-EQ,XELPMOC,,-1.0,1,,NSE,5.0
1104,5049,CLEAN-EQ,CLEAN,,-1.0,1,,NSE,5.0
1110,21614,ABCAPITAL-EQ,ABCAPITAL,,-1.0,1,,NSE,5.0
1122,6643,SJS-EQ,SJS,,-1.0,1,,NSE,5.0
1123,3001,ICICI500-EQ,ICICI500,,-1.0,1,,NSE,1.0
1126,15409,NESCO-EQ,NESCO,,-1.0,1,,NSE,5.0
1131,13821,RUCHIRA-EQ,RUCHIRA,,-1.0,1,,NSE,5.0
1132,14334,HSCL-EQ,HSCL,,-1.0,1,,NSE,5.0
1134,17945,SUVENPHAR-EQ,SUVENPHAR,,-1.0,1,,NSE,5.0
1137,13735,GLOBALVECT-EQ,GLOBALVECT,,-1.0,1,,NSE,5.0
1150,11979,HTMEDIA-EQ,HTMEDIA,,-1.0,1,,NSE,5.0
1152,11287,UPL-EQ,UPL,,-1.0,1,,NSE,5.0
1163,6462,TECH-EQ,TECH,,-1.0,1,,NSE,1.0
1168,619,CENTENKA-EQ,CENTENKA,,-1.0,1,,NSE,5.0
1171,2909,RICOAUTO-EQ,RICOAUTO,,-1.0,1,,NSE,5.0
1185,11543,COFORGE-EQ,COFORGE,,-1.0,1,,NSE,5.0
1188,13844,MMFL-EQ,MMFL,,-1.0,1,,NSE,5.0
1192,2043,RAMCOCEM-EQ,RAMCOCEM,,-1.0,1,,NSE,5.0
1197,1467,AKZOINDIA-EQ,AKZOINDIA,,-1.0,1,,NSE,5.0
1201,5751,SANSERA-EQ,SANSERA,,-1.0,1,,NSE,5.0
1203,203,ASHAPURMIN-EQ,ASHAPURMIN,,-1.0,1,,NSE,5.0
1207,920,EQUITASBNK-BL,EQUITASBNK,,-1.0,1,,NSE,5.0
1209,937,ELGIEQUIP-EQ,ELGIEQUIP,,-1.0,1,,NSE,5.0
1210,18102,KOTAKNIFTY-EQ,KOTAKNIFTY,,-1.0,1,,NSE,1.0
1213,3530,AXISBPSETF-EQ,AXISBPSETF,,-1.0,1,,NSE,1.0
1232,8632,KOTAKLOVOL-EQ,KOTAKLOVOL,,-1.0,1,,NSE,1.0
1238,928,ELECTCAST-EQ,ELECTCAST,,-1.0,1,,NSE,5.0
1244,11480,KRIDHANINF-EQ,KRIDHANINF,,-1.0,1,,NSE,5.0
1245,20852,ZEELEARN-EQ,ZEELEARN,,-1.0,1,,NSE,5.0
1250,3432,TATACONSUM-EQ,TATACONSUM,,-1.0,1,,NSE,5.0
1253,11032,SANGINITA-EQ,SANGINITA,,-1.0,1,,NSE,5.0
1254,628,CESC-EQ,CESC,,-1.0,1,,NSE,5.0
1255,18226,MANINFRA-EQ,MANINFRA,,-1.0,1,,NSE,5.0
1257,22433,HBANKETF-EQ,HBANKETF,,-1.0,1,,NSE,1.0
1260,15259,RPOWER-EQ,RPOWER,,-1.0,1,,NSE,5.0
1261,471,BINDALAGRO-EQ,BINDALAGRO,,-1.0,1,,NSE,5.0
1262,2475,ONGC-EQ,ONGC,,-1.0,1,,NSE,5.0
1264,184,TCPLPACK-EQ,TCPLPACK,,-1.0,1,,NSE,5.0
1267,13528,GMRINFRA-EQ,GMRINFRA,,-1.0,1,,NSE,5.0
1271,10738,OFSS-EQ,OFSS,,-1.0,1,,NSE,5.0
1282,7862,GEPIL-EQ,GEPIL,,-1.0,1,,NSE,5.0
1291,11852,SURYALAXMI-EQ,SURYALAXMI,,-1.0,1,,NSE,5.0
1298,12978,NPBET-EQ,NPBET,,-1.0,1,,NSE,1.0
1299,5373,DEVYANI-EQ,DEVYANI,,-1.0,1,,NSE,5.0
1304,5186,STYLAMIND-EQ,STYLAMIND,,-1.0,1,,NSE,5.0
1310,10768,OAL-EQ,OAL,,-1.0,1,,NSE,5.0
1312,17527,MAHASTEEL-EQ,MAHASTEEL,,-1.0,1,,NSE,5.0
1315,5610,ASTRAZEN-EQ,ASTRAZEN,,-1.0,1,,NSE,5.0
1316,701,HEMIPROP-EQ,HEMIPROP,,-1.0,1,,NSE,5.0
1336,17770,GROBTEA-EQ,GROBTEA,,-1.0,1,,NSE,5.0
1342,1289,GFLLIMITED-EQ,GFLLIMITED,,-1.0,1,,NSE,5.0
1350,11275,TVTODAY-EQ,TVTODAY,,-1.0,1,,NSE,5.0
1351,715,CLNINDIA-EQ,CLNINDIA,,-1.0,1,,NSE,5.0
1352,1964,TRENT-EQ,TRENT,,-1.0,1,,NSE,5.0
1355,6600,GENUSPAPER-EQ,GENUSPAPER,,-1.0,1,,NSE,5.0
1363,4172,TCNSBRANDS-EQ,TCNSBRANDS,,-1.0,1,,NSE,5.0
1369,20825,HUDCO-EQ,HUDCO,,-1.0,1,,NSE,5.0
1381,29733,NIBL-EQ,NIBL,,-1.0,1,,NSE,5.0
1392,18866,MAZDA-EQ,MAZDA,,-1.0,1,,NSE,5.0
1394,16639,KIRIINDUS-EQ,KIRIINDUS,,-1.0,1,,NSE,5.0
1398,14761,NELCAST-EQ,NELCAST,,-1.0,1,,NSE,5.0
1399,11602,INDSWFTLTD-EQ,INDSWFTLTD,,-1.0,1,,NSE,5.0
1400,4299,STERTOOLS-EQ,STERTOOLS,,-1.0,1,,NSE,5.0
1401,3127,BARBEQUE-EQ,BARBEQUE,,-1.0,1,,NSE,5.0
1406,2442,NOCIL-EQ,NOCIL,,-1.0,1,,NSE,5.0
1413,10511,UTINIFTETF-EQ,UTINIFTETF,,-1.0,1,,NSE,1.0
1430,3339,SUNDARMFIN-EQ,SUNDARMFIN,,-1.0,1,,NSE,5.0
1432,14068,SAGCEM-EQ,SAGCEM,,-1.0,1,,NSE,5.0
1435,11782,EVEREADY-EQ,EVEREADY,,-1.0,1,,NSE,5.0
1437,3329,ISGEC-EQ,ISGEC,,-1.0,1,,NSE,5.0
1443,11165,COFFEEDAY-EQ,COFFEEDAY,,-1.0,1,,NSE,5.0
1446,14418,ASTRAL-EQ,ASTRAL,,-1.0,1,,NSE,5.0
1447,7508,ZENTEC-EQ,ZENTEC,,-1.0,1,,NSE,5.0
1448,11359,DHANBANK-EQ,DHANBANK,,-1.0,1,,NSE,5.0
1450,10217,ADANITRANS-EQ,ADANITRANS,,-1.0,1,,NSE,5.0
1452,14732,DLF-EQ,DLF,,-1.0,1,,NSE,5.0
1457,17691,VIJIFIN-EQ,VIJIFIN,,-1.0,1,,NSE,5.0
1462,513,BOMDYEING-EQ,BOMDYEING,,-1.0,1,,NSE,5.0
1464,15414,TWL-EQ,TWL,,-1.0,1,,NSE,5.0
1466,13776,GESHIP-EQ,GESHIP,,-1.0,1,,NSE,5.0
1467,14435,JKTYRE-EQ,JKTYRE,,-1.0,1,,NSE,5.0
1470,1053,UFLEX-EQ,UFLEX,,-1.0,1,,NSE,5.0
1487,15234,AMBIKCO-EQ,AMBIKCO,,-1.0,1,,NSE,5.0
1492,13560,GRINDWELL-EQ,GRINDWELL,,-1.0,1,,NSE,5.0
1495,4747,INDNIPPON-EQ,INDNIPPON,,-1.0,1,,NSE,5.0
1499,25718,POLYMED-EQ,POLYMED,,-1.0,1,,NSE,5.0
1500,21733,RHFL-EQ,RHFL,,-1.0,1,,NSE,5.0
1501,7211,JETFREIGHT-EQ,JETFREIGHT,,-1.0,1,,NSE,5.0
1503,15194,BURNPUR-EQ,BURNPUR,,-1.0,1,,NSE,5.0
1505,3772,WILLAMAGOR-EQ,WILLAMAGOR,,-1.0,1,,NSE,5.0
1509,6232,3IINFOLTD-EQ,3IINFOLTD,,-1.0,1,,NSE,5.0
1520,11841,KENNAMET-EQ,KENNAMET,,-1.0,1,,NSE,5.0
1521,17477,CONTROLPR-EQ,CONTROLPR,,-1.0,1,,NSE,5.0
1522,220,IEX-EQ,IEX,,-1.0,1,,NSE,5.0
1533,166,ANDHRAPAP-EQ,ANDHRAPAP,,-1.0,1,,NSE,5.0
1534,11195,INDIGO-EQ,INDIGO,,-1.0,1,,NSE,5.0
1536,31138,COMPUSOFT-EQ,COMPUSOFT,,-1.0,1,,NSE,5.0
1539,5732,AXISCETF-EQ,AXISCETF,,-1.0,1,,NSE,1.0
1546,18321,LGBBROSLTD-EQ,LGBBROSLTD,,-1.0,1,,NSE,5.0
1547,1997,LICHSGFIN-EQ,LICHSGFIN,,-1.0,1,,NSE,5.0
1550,8054,KTKBANK-EQ,KTKBANK,,-1.0,1,,NSE,5.0
1554,3586,MOKSH-EQ,MOKSH,,-1.0,1,,NSE,5.0
1558,2598,AMJLAND-EQ,AMJLAND,,-1.0,1,,NSE,5.0
1561,2616,SEAMECLTD-EQ,SEAMECLTD,,-1.0,1,,NSE,5.0
1563,11236,JSL-EQ,JSL,,-1.0,1,,NSE,5.0
1565,5306,ICICIFMCG-EQ,ICICIFMCG,,-1.0,1,,NSE,1.0
1577,25482,TIJARIA-EQ,TIJARIA,,-1.0,1,,NSE,5.0
1580,3150,SIEMENS-EQ,SIEMENS,,-1.0,1,,NSE,5.0
1584,781,DALMIASUG-EQ,DALMIASUG,,-1.0,1,,NSE,5.0
1587,9581,METROPOLIS-EQ,METROPOLIS,,-1.0,1,,NSE,5.0
1589,27297,RTNINDIA-EQ,RTNINDIA,,-1.0,1,,NSE,5.0
1596,5378,ASAHIINDIA-EQ,ASAHIINDIA,,-1.0,1,,NSE,5.0
1597,20092,TASTYBITE-EQ,TASTYBITE,,-1.0,1,,NSE,5.0
1606,4,21STCENMGM-EQ,21STCENMGM,,-1.0,1,,NSE,5.0
1608,14977,POWERGRID-EQ,POWERGRID,,-1.0,1,,NSE,5.0
1610,7929,ZYDUSLIFE-EQ,ZYDUSLIFE,,-1.0,1,,NSE,5.0
1615,20302,PRESTIGE-EQ,PRESTIGE,,-1.0,1,,NSE,5.0
1623,2859,RAYMOND-EQ,RAYMOND,,-1.0,1,,NSE,5.0
1626,18154,HATHWAY-EQ,HATHWAY,,-1.0,1,,NSE,5.0
1627,20110,GREENPOWER-EQ,GREENPOWER,,-1.0,1,,NSE,5.0
1630,1512,INDHOTEL-EQ,INDHOTEL,,-1.0,1,,NSE,5.0
1636,5114,SGIL-EQ,SGIL,,-1.0,1,,NSE,5.0
1641,20760,RPPINFRA-EQ,RPPINFRA,,-1.0,1,,NSE,5.0
1643,2277,MRF-EQ,MRF,,-1.0,1,,NSE,5.0
1645,3396,TAINWALCHM-EQ,TAINWALCHM,,-1.0,1,,NSE,5.0
1648,4410,JAGSNPHARM-EQ,JAGSNPHARM,,-1.0,1,,NSE,5.0
1650,3482,CLSEL-EQ,CLSEL,,-1.0,1,,NSE,5.0
1653,14889,ASIANTILES-EQ,ASIANTILES,,-1.0,1,,NSE,5.0
1660,17818,LTI-EQ,LTI,,-1.0,1,,NSE,5.0
1664,19438,AHLEAST-EQ,AHLEAST,,-1.0,1,,NSE,5.0
1665,13441,BALPHARMA-EQ,BALPHARMA,,-1.0,1,,NSE,5.0
1666,11265,TVSELECT-EQ,TVSELECT,,-1.0,1,,NSE,5.0
1669,1336,HEG-EQ,HEG,,-1.0,1,,NSE,5.0
1670,193,ARVIND-EQ,ARVIND,,-1.0,1,,NSE,5.0
1672,3703,VIPIND-EQ,VIPIND,,-1.0,1,,NSE,5.0
1674,6718,SAPPHIRE-EQ,SAPPHIRE,,-1.0,1,,NSE,5.0
1679,11149,SHRENIK-EQ,SHRENIK,,-1.0,1,,NSE,5.0
1682,7074,MAHKTECH-EQ,MAHKTECH,,-1.0,1,,NSE,1.0
1685,17152,ICICIM150-EQ,ICICIM150,,-1.0,1,,NSE,1.0
1688,21113,BFINVEST-EQ,BFINVEST,,-1.0,1,,NSE,5.0
1690,11439,BANKBEES-EQ,BANKBEES,,-1.0,1,,NSE,1.0
1693,10666,PNB-EQ,PNB,,-1.0,1,,NSE,5.0
1694,2085,MAHSCOOTER-EQ,MAHSCOOTER,,-1.0,1,,NSE,5.0
1709,4843,SNOWMAN-EQ,SNOWMAN,,-1.0,1,,NSE,5.0
1717,5507,SERVOTECH-EQ,SERVOTECH,,-1.0,1,,NSE,5.0
1720,17468,MAXVIL-EQ,MAXVIL,,-1.0,1,,NSE,5.0
1724,15362,VGUARD-EQ,VGUARD,,-1.0,1,,NSE,5.0
1725,104,SHAREINDIA-EQ,SHAREINDIA,,-1.0,1,,NSE,5.0
1729,5426,NUVOCO-EQ,NUVOCO,,-1.0,1,,NSE,5.0
1731,7196,BBETF0432-EQ,BBETF0432,,-1.0,1,,NSE,1.0
1742,4693,SHYAMMETL-EQ,SHYAMMETL,,-1.0,1,,NSE,5.0
1746,10276,KAYA-EQ,KAYA,,-1.0,1,,NSE,5.0
1747,11058,SECURKLOUD-EQ,SECURKLOUD,,-1.0,1,,NSE,5.0
1754,6858,DHRUV-EQ,DHRUV,,-1.0,1,,NSE,5.0
1757,11625,EBANK-EQ,EBANK,,-1.0,1,,NSE,1.0
1759,1270,AMBUJACEM-EQ,AMBUJACEM,,-1.0,1,,NSE,5.0
1760,25640,IDBIGOLD-EQ,IDBIGOLD,,-1.0,1,,NSE,5.0
1765,8413,MAM150ETF-EQ,MAM150ETF,,-1.0,1,,NSE,1.0
1768,10557,NAVKARCORP-EQ,NAVKARCORP,,-1.0,1,,NSE,5.0
1772,4911,MADRASFERT-EQ,MADRASFERT,,-1.0,1,,NSE,5.0
1776,881,DRREDDY-EQ,DRREDDY,,-1.0,1,,NSE,5.0
1783,11593,HDFCSENETF-EQ,HDFCSENETF,,-1.0,1,,NSE,1.0
1784,11394,ZOTA-EQ,ZOTA,,-1.0,1,,NSE,5.0
1790,19073,AARVI-EQ,AARVI,,-1.0,1,,NSE,5.0
1800,11596,LINCOLN-EQ,LINCOLN,,-1.0,1,,NSE,5.0
1802,936,DPABHUSHAN-EQ,DPABHUSHAN,,-1.0,1,,NSE,5.0
1803,10940,DIVISLAB-EQ,DIVISLAB,,-1.0,1,,NSE,5.0
1804,8311,BLUESTARCO-EQ,BLUESTARCO,,-1.0,1,,NSE,5.0
1806,10300,RAMASTEEL-EQ,RAMASTEEL,,-1.0,1,,NSE,5.0
1813,19184,SFL-EQ,SFL,,-1.0,1,,NSE,5.0
1814,19271,DFMFOODS-EQ,DFMFOODS,,-1.0,1,,NSE,5.0
1825,3570,UCALFUEL-EQ,UCALFUEL,,-1.0,1,,NSE,5.0
1826,16852,EQUITAS-EQ,EQUITAS,,-1.0,1,,NSE,5.0
1829,24538,MAITHANALL-EQ,MAITHANALL,,-1.0,1,,NSE,5.0
1833,4204,MOTHERSON-EQ,MOTHERSON,,-1.0,1,,NSE,5.0
1839,9937,IBMFNIFTY-EQ,IBMFNIFTY,,-1.0,1,,NSE,1.0
1843,2939,RUBYMILLS-EQ,RUBYMILLS,,-1.0,1,,NSE,5.0
1846,11082,LIBAS-EQ,LIBAS,,-1.0,1,,NSE,5.0
1851,526,BPCL-EQ,BPCL,,-1.0,1,,NSE,5.0
1852,30089,ORIENTCEM-EQ,ORIENTCEM,,-1.0,1,,NSE,5.0
1856,23650,MUTHOOTFIN-EQ,MUTHOOTFIN,,-1.0,1,,NSE,5.0
1865,11773,VISHAL-EQ,VISHAL,,-1.0,1,,NSE,5.0
1870,19322,HISARMETAL-EQ,HISARMETAL,,-1.0,1,,NSE,5.0
1875,17333,MHRIL-EQ,MHRIL,,-1.0,1,,NSE,5.0
1882,13688,GATI-EQ,GATI,,-1.0,1,,NSE,5.0
1884,13756,SHIVAMAUTO-EQ,SHIVAMAUTO,,-1.0,1,,NSE,5.0
1887,1621,TATAINVEST-EQ,TATAINVEST,,-1.0,1,,NSE,5.0
1892,8132,BLBLIMITED-EQ,BLBLIMITED,,-1.0,1,,NSE,5.0
1893,385,MAHLOG-EQ,MAHLOG,,-1.0,1,,NSE,5.0
1900,13162,CELEBRITY-EQ,CELEBRITY,,-1.0,1,,NSE,5.0
1906,1073,FOSECOIND-EQ,FOSECOIND,,-1.0,1,,NSE,5.0
1914,10661,PONNIERODE-EQ,PONNIERODE,,-1.0,1,,NSE,5.0
1916,11739,SHRIRAMCIT-EQ,SHRIRAMCIT,,-1.0,1,,NSE,5.0
1920,17603,MAHEPC-EQ,MAHEPC,,-1.0,1,,NSE,5.0
1924,16253,EBBETF0430-EQ,EBBETF0430,,-1.0,1,,NSE,1.0
1927,10999,MARUTI-EQ,MARUTI,,-1.0,1,,NSE,5.0
1932,5407,CARTRADE-EQ,CARTRADE,,-1.0,1,,NSE,5.0
1935,21423,MOM100-EQ,MOM100,,-1.0,1,,NSE,1.0
1940,9288,KRITIKA-EQ,KRITIKA,,-1.0,1,,NSE,5.0
1941,480,BIRLACORPN-EQ,BIRLACORPN,,-1.0,1,,NSE,5.0
1944,1515,INDIACEM-EQ,INDIACEM,,-1.0,1,,NSE,5.0
1952,5622,ITDCEM-EQ,ITDCEM,,-1.0,1,,NSE,5.0
1955,6545,NYKAA-EQ,NYKAA,,-1.0,1,,NSE,5.0
1956,7,AARTIIND-EQ,AARTIIND,,-1.0,1,,NSE,5.0
1958,8529,GMRP&UI-EQ,GMRP&UI,,-1.0,1,,NSE,5.0
1962,10925,GODREJIND-EQ,GODREJIND,,-1.0,1,,NSE,5.0
1964,3906,CAPLIPOINT-EQ,CAPLIPOINT,,-1.0,1,,NSE,5.0
1968,2385,NAVNETEDUL-EQ,NAVNETEDUL,,-1.0,1,,NSE,5.0
1972,9116,INDOAMIN-EQ,INDOAMIN,,-1.0,1,,NSE,5.0
1975,14771,TARMAT-EQ,TARMAT,,-1.0,1,,NSE,5.0
1978,8083,CROWN-EQ,CROWN,,-1.0,1,,NSE,5.0
1982,140,SRPL-EQ,SRPL,,-1.0,1,,NSE,5.0
1985,13890,HIRECT-EQ,HIRECT,,-1.0,1,,NSE,5.0
1988,8735,PROPEQUITY-SM,PROPEQUITY,,-1.0,1200,,NSE,5.0
1990,3987,GREENPLY-EQ,GREENPLY,,-1.0,1,,NSE,5.0
1996,8585,NLCINDIA-EQ,NLCINDIA,,-1.0,1,,NSE,5.0
2001,3426,TATAPOWER-EQ,TATAPOWER,,-1.0,1,,NSE,5.0
2003,11778,GOKEX-EQ,GOKEX,,-1.0,1,,NSE,5.0
2008,23804,BSLGOLDETF-EQ,BSLGOLDETF,,-1.0,1,,NSE,1.0
2010,13598,SELAN-EQ,SELAN,,-1.0,1,,NSE,5.0
2013,2711,PRECOT-EQ,PRECOT,,-1.0,1,,NSE,5.0
2015,15360,NAHARCAP-EQ,NAHARCAP,,-1.0,1,,NSE,5.0
2019,11293,UNIENTER-EQ,UNIENTER,,-1.0,1,,NSE,5.0
2022,6062,LICNETFGSC-EQ,LICNETFGSC,,-1.0,1,,NSE,1.0
2025,19036,PODDARMENT-EQ,PODDARMENT,,-1.0,1,,NSE,5.0
2027,6673,FOODSIN-EQ,FOODSIN,,-1.0,1,,NSE,5.0
2032,7254,MEDPLUS-EQ,MEDPLUS,,-1.0,1,,NSE,5.0
2036,14485,THEMISMED-EQ,THEMISMED,,-1.0,1,,NSE,5.0
2046,395,BEML-EQ,BEML,,-1.0,1,,NSE,5.0
2064,6216,CAMLINFINE-EQ,CAMLINFINE,,-1.0,1,,NSE,5.0
2066,7982,GRWRHITECH-EQ,GRWRHITECH,,-1.0,1,,NSE,5.0
2068,16657,ANIKINDS-EQ,ANIKINDS,,-1.0,1,,NSE,5.0
2069,11794,SAKSOFT-EQ,SAKSOFT,,-1.0,1,,NSE,5.0
2070,4529,ICICINXT50-EQ,ICICINXT50,,-1.0,1,,NSE,1.0
2074,19104,ROLLT-EQ,ROLLT,,-1.0,1,,NSE,5.0
2076,25574,SHAKTIPUMP-EQ,SHAKTIPUMP,,-1.0,1,,NSE,5.0
2092,11065,NATHBIOGEN-EQ,NATHBIOGEN,,-1.0,1,,NSE,5.0
2093,8954,TTML-EQ,TTML,,-1.0,1,,NSE,5.0
2097,342,CAMS-EQ,CAMS,,-1.0,1,,NSE,5.0
2098,255,NIRAJ-EQ,NIRAJ,,-1.0,1,,NSE,5.0
2099,14111,NETWORK18-EQ,NETWORK18,,-1.0,1,,NSE,5.0
2104,1190,FMGOETZE-EQ,FMGOETZE,,-1.0,1,,NSE,5.0
2111,8510,GATEWAY-EQ,GATEWAY,,-1.0,1,,NSE,5.0
2114,4920,HINDCON-EQ,HINDCON,,-1.0,1,,NSE,5.0
2115,6429,RSSOFTWARE-EQ,RSSOFTWARE,,-1.0,1,,NSE,5.0
2116,11634,SALSTEEL-EQ,SALSTEEL,,-1.0,1,,NSE,5.0
2117,8882,TNIDETF-EQ,TNIDETF,,-1.0,1,,NSE,1.0
2118,6863,BAJAJHCARE-EQ,BAJAJHCARE,,-1.0,1,,NSE,5.0
2123,14003,ZEEMEDIA-EQ,ZEEMEDIA,,-1.0,1,,NSE,5.0
2124,11256,JAIBALAJI-EQ,JAIBALAJI,,-1.0,1,,NSE,5.0
2133,6964,GOCOLORS-EQ,GOCOLORS,,-1.0,1,,NSE,5.0
2134,578,LIKHITHA-EQ,LIKHITHA,,-1.0,1,,NSE,5.0
2135,3721,TATACOMM-EQ,TATACOMM,,-1.0,1,,NSE,5.0
2137,9392,LANCER-EQ,LANCER,,-1.0,1,,NSE,5.0
2139,8727,SHAILY-EQ,SHAILY,,-1.0,1,,NSE,5.0
2141,5900,AXISBANK-EQ,AXISBANK,,-1.0,1,,NSE,5.0
2148,6606,DSPNEWETF-EQ,DSPNEWETF,,-1.0,1,,NSE,1.0
2149,1594,INFY-EQ,INFY,,-1.0,1,,NSE,5.0
2151,21541,JUBLINDS-EQ,JUBLINDS,,-1.0,1,,NSE,5.0
2158,4503,MPHASIS-EQ,MPHASIS,,-1.0,1,,NSE,5.0
2167,4671,JSWISPL-EQ,JSWISPL,,-1.0,1,,NSE,5.0
2187,18679,HPL-EQ,HPL,,-1.0,1,,NSE,5.0
2189,7276,UDAICEMENT-EQ,UDAICEMENT,,-1.0,1,,NSE,5.0
2190,13816,DAAWAT-EQ,DAAWAT,,-1.0,1,,NSE,5.0
2191,5054,GRINFRA-EQ,GRINFRA,,-1.0,1,,NSE,5.0
2193,2331,JAYNECOIND-EQ,JAYNECOIND,,-1.0,1,,NSE,5.0
2200,11435,SPANDANA-EQ,SPANDANA,,-1.0,1,,NSE,5.0
2203,9756,EMUDHRA-EQ,EMUDHRA,,-1.0,1,,NSE,5.0
2210,14440,NAHARSPING-EQ,NAHARSPING,,-1.0,1,,NSE,5.0
2214,14450,IBREALEST-EQ,IBREALEST,,-1.0,1,,NSE,5.0
2217,25492,ONELIFECAP-EQ,ONELIFECAP,,-1.0,1,,NSE,5.0
2222,8469,MITCON-EQ,MITCON,,-1.0,1,,NSE,5.0
2226,13810,GREENPANEL-EQ,GREENPANEL,,-1.0,1,,NSE,5.0
2234,17635,ZYDUSWELL-EQ,ZYDUSWELL,,-1.0,1,,NSE,5.0
2235,27008,HEXATRADEX-EQ,HEXATRADEX,,-1.0,1,,NSE,5.0
2242,5475,GRSE-EQ,GRSE,,-1.0,1,,NSE,5.0
2243,4684,SONACOMS-EQ,SONACOMS,,-1.0,1,,NSE,5.0
2244,703,DICIND-EQ,DICIND,,-1.0,1,,NSE,5.0
2245,17704,QUESS-EQ,QUESS,,-1.0,1,,NSE,5.0
2247,13421,EMKAY-EQ,EMKAY,,-1.0,1,,NSE,5.0
2250,1597,INGERRAND-EQ,INGERRAND,,-1.0,1,,NSE,5.0
2259,24292,VSTTILLERS-EQ,VSTTILLERS,,-1.0,1,,NSE,5.0
2260,4007,CORALFINAC-EQ,CORALFINAC,,-1.0,1,,NSE,5.0
2263,1164,NEWGEN-EQ,NEWGEN,,-1.0,1,,NSE,5.0
2265,13342,VAKRANGEE-EQ,VAKRANGEE,,-1.0,1,,NSE,5.0
2266,14314,TTL-EQ,TTL,,-1.0,1,,NSE,5.0
2270,2912,RIIL-EQ,RIIL,,-1.0,1,,NSE,5.0
2273,3834,BHARATRAS-EQ,BHARATRAS,,-1.0,1,,NSE,5.0
2274,2259,MOREPENLAB-EQ,MOREPENLAB,,-1.0,1,,NSE,5.0
2275,13400,BHAGERIA-EQ,BHAGERIA,,-1.0,1,,NSE,5.0
2282,13072,IIFLSEC-EQ,IIFLSEC,,-1.0,1,,NSE,5.0
2283,10599,GUJGASLTD-EQ,GUJGASLTD,,-1.0,1,,NSE,5.0
2286,13585,ATLANTA-EQ,ATLANTA,,-1.0,1,,NSE,5.0
2287,3363,SUPREMEIND-EQ,SUPREMEIND,,-1.0,1,,NSE,5.0
2288,3186,SKFINDIA-EQ,SKFINDIA,,-1.0,1,,NSE,5.0
2290,11452,CCL-EQ,CCL,,-1.0,1,,NSE,5.0
2293,3291,STARPAPER-EQ,STARPAPER,,-1.0,1,,NSE,5.0
2297,19235,IMFA-EQ,IMFA,,-1.0,1,,NSE,5.0
2302,3088,INDOSTAR-EQ,INDOSTAR,,-1.0,1,,NSE,5.0
2304,16719,ALMONDZ-EQ,ALMONDZ,,-1.0,1,,NSE,5.0
2319,17475,ICICINV20-EQ,ICICINV20,,-1.0,1,,NSE,1.0
2324,29423,MOHITIND-EQ,MOHITIND,,-1.0,1,,NSE,5.0
2326,10159,ORICONENT-EQ,ORICONENT,,-1.0,1,,NSE,5.0
2328,3417,HONAUT-EQ,HONAUT,,-1.0,1,,NSE,5.0
2330,15239,BIRLAMONEY-EQ,BIRLAMONEY,,-1.0,1,,NSE,5.0
2337,3499,TATASTEEL-EQ,TATASTEEL,,-1.0,1,,NSE,5.0
2339,6782,NIPPOBATRY-EQ,NIPPOBATRY,,-1.0,1,,NSE,5.0
2344,16705,GOKUL-EQ,GOKUL,,-1.0,1,,NSE,5.0
2349,14014,LUMAXTECH-EQ,LUMAXTECH,,-1.0,1,,NSE,5.0
2352,2397,SANDHAR-EQ,SANDHAR,,-1.0,1,,NSE,5.0
2354,4745,BANKINDIA-EQ,BANKINDIA,,-1.0,1,,NSE,5.0
2360,19543,HDFCMFGETF-EQ,HDFCMFGETF,,-1.0,1,,NSE,1.0
2362,2868,HITECH-EQ,HITECH,,-1.0,1,,NSE,5.0
2363,21808,SBILIFE-EQ,SBILIFE,,-1.0,1,,NSE,5.0
2365,2431,RAILTEL-EQ,RAILTEL,,-1.0,1,,NSE,5.0
2368,477,BIRLACABLE-EQ,BIRLACABLE,,-1.0,1,,NSE,5.0
2377,14966,CSBBANK-EQ,CSBBANK,,-1.0,1,,NSE,5.0
2380,5258,INDUSINDBK-EQ,INDUSINDBK,,-1.0,1,,NSE,5.0
2383,7413,MANAKCOAT-EQ,MANAKCOAT,,-1.0,1,,NSE,5.0
2385,940,PGHL-EQ,PGHL,,-1.0,1,,NSE,5.0
2386,2320,SMCGLOBAL-EQ,SMCGLOBAL,,-1.0,1,,NSE,5.0
2389,2643,PFIZER-EQ,PFIZER,,-1.0,1,,NSE,5.0
2397,7603,CMSINFO-EQ,CMSINFO,,-1.0,1,,NSE,5.0
2398,14908,KDDL-EQ,KDDL,,-1.0,1,,NSE,5.0
2401,17659,UNIVPHOTO-EQ,UNIVPHOTO,,-1.0,1,,NSE,5.0
2412,5239,MAHAPEXLTD-EQ,MAHAPEXLTD,,-1.0,1,,NSE,5.0
2417,757,CRISIL-EQ,CRISIL,,-1.0,1,,NSE,5.0
2419,910,EICHERMOT-EQ,EICHERMOT,,-1.0,1,,NSE,5.0
2420,28899,KITEX-EQ,KITEX,,-1.0,1,,NSE,5.0
2424,21469,OPTIEMUS-EQ,OPTIEMUS,,-1.0,1,,NSE,5.0
2431,17105,SUMICHEM-EQ,SUMICHEM,,-1.0,1,,NSE,5.0
2432,6218,SIKKO-EQ,SIKKO,,-1.0,1,,NSE,5.0
2434,4934,IPL-EQ,IPL,,-1.0,1,,NSE,5.0
2435,14058,SANGHVIMOV-EQ,SANGHVIMOV,,-1.0,1,,NSE,5.0
2439,1663,ATFL-EQ,ATFL,,-1.0,1,,NSE,5.0
2442,100,AMARAJABAT-EQ,AMARAJABAT,,-1.0,1,,NSE,5.0
2449,18113,VASCONEQ-BL,VASCONEQ,,-1.0,1,,NSE,5.0
2450,2307,MUNJALSHOW-EQ,MUNJALSHOW,,-1.0,1,,NSE,5.0
2451,17388,ADANIPOWER-EQ,ADANIPOWER,,-1.0,1,,NSE,5.0
2454,13966,HBLPOWER-EQ,HBLPOWER,,-1.0,1,,NSE,5.0
2461,10176,SETFNIF50-EQ,SETFNIF50,,-1.0,1,,NSE,1.0
2463,22602,PFS-EQ,PFS,,-1.0,1,,NSE,5.0
2470,20560,DOLLAR-EQ,DOLLAR,,-1.0,1,,NSE,5.0
2472,11441,LICNETFSEN-EQ,LICNETFSEN,,-1.0,1,,NSE,1.0
2480,13332,SOLARINDS-EQ,SOLARINDS,,-1.0,1,,NSE,5.0
2485,11689,SUPRAJIT-EQ,SUPRAJIT,,-1.0,1,,NSE,5.0
2486,24532,FILATEX-EQ,FILATEX,,-1.0,1,,NSE,5.0
2488,14813,ADSL-EQ,ADSL,,-1.0,1,,NSE,5.0
2491,896,KHAICHEM-EQ,KHAICHEM,,-1.0,1,,NSE,5.0
2494,11699,PATELENG-EQ,PATELENG,,-1.0,1,,NSE,5.0
2497,14552,PHOENIXLTD-EQ,PHOENIXLTD,,-1.0,1,,NSE,5.0
2505,4522,SIGIND-EQ,SIGIND,,-1.0,1,,NSE,5.0
2507,7303,VISESHINFO-EQ,VISESHINFO,,-1.0,1,,NSE,5.0
2508,4751,INDRAMEDCO-EQ,INDRAMEDCO,,-1.0,1,,NSE,5.0
2512,18962,RAJRATAN-EQ,RAJRATAN,,-1.0,1,,NSE,5.0
2515,6407,LAMBODHARA-EQ,LAMBODHARA,,-1.0,1,,NSE,5.0
2516,1205,GOODYEAR-EQ,GOODYEAR,,-1.0,1,,NSE,5.0
2517,8159,FIBERWEB-EQ,FIBERWEB,,-1.0,1,,NSE,5.0
2522,11864,PRIMESECU-EQ,PRIMESECU,,-1.0,1,,NSE,5.0
2523,592,GRAPHITE-EQ,GRAPHITE,,-1.0,1,,NSE,5.0
2536,22255,NDRAUTO-EQ,NDRAUTO,,-1.0,1,,NSE,5.0
2548,16819,QNIFTY-EQ,QNIFTY,,-1.0,1,,NSE,1.0
2558,20936,KIRLOSENG-EQ,KIRLOSENG,,-1.0,1,,NSE,5.0
2559,13501,ALLCARGO-EQ,ALLCARGO,,-1.0,1,,NSE,5.0
2566,13436,LOKESHMACH-EQ,LOKESHMACH,,-1.0,1,,NSE,5.0
2570,467,HDFCLIFE-EQ,HDFCLIFE,,-1.0,1,,NSE,5.0
2577,7518,TREJHARA-EQ,TREJHARA,,-1.0,1,,NSE,5.0
2579,29008,SUNCLAYLTD-EQ,SUNCLAYLTD,,-1.0,1,,NSE,5.0
2581,11536,TCS-EQ,TCS,,-1.0,1,,NSE,5.0
2582,236,ASIANPAINT-EQ,ASIANPAINT,,-1.0,1,,NSE,5.0
2583,8736,PNBGILTS-EQ,PNBGILTS,,-1.0,1,,NSE,5.0
2585,9553,PRUDENT-EQ,PRUDENT,,-1.0,1,,NSE,5.0
2590,6803,STEELCAS-EQ,STEELCAS,,-1.0,1,,NSE,5.0
2593,14766,V2RETAIL-EQ,V2RETAIL,,-1.0,1,,NSE,5.0
2599,10397,JISLJALEQS-EQ,JISLJALEQS,,-1.0,1,,NSE,5.0
2619,25690,DSSL-EQ,DSSL,,-1.0,1,,NSE,5.0
2633,29962,JUSTDIAL-EQ,JUSTDIAL,,-1.0,1,,NSE,5.0
2640,14687,GOACARBON-EQ,GOACARBON,,-1.0,1,,NSE,5.0
2645,18977,UNIVASTU-EQ,UNIVASTU,,-1.0,1,,NSE,5.0
2647,13510,AKASH-EQ,AKASH,,-1.0,1,,NSE,5.0
2649,3387,SMLISUZU-EQ,SMLISUZU,,-1.0,1,,NSE,5.0
2653,6757,MARSHALL-EQ,MARSHALL,,-1.0,1,,NSE,5.0
2661,21362,SALASAR-EQ,SALASAR,,-1.0,1,,NSE,5.0
2663,1480,REPL-EQ,REPL,,-1.0,1,,NSE,5.0
2666,1672,HGINFRA-EQ,HGINFRA,,-1.0,1,,NSE,5.0
2674,1937,KREBSBIO-EQ,KREBSBIO,,-1.0,1,,NSE,5.0
2676,15061,KOTAKPSUBK-EQ,KOTAKPSUBK,,-1.0,1,,NSE,1.0
2678,9652,RELCHEMQ-EQ,RELCHEMQ,,-1.0,1,,NSE,5.0
2695,7979,MAMFGETF-EQ,MAMFGETF,,-1.0,1,,NSE,1.0
2697,15419,DPSCLTD-EQ,DPSCLTD,,-1.0,1,,NSE,5.0
2701,3099,SHREDIGCEM-EQ,SHREDIGCEM,,-1.0,1,,NSE,5.0
2702,6656,POLICYBZR-EQ,POLICYBZR,,-1.0,1,,NSE,5.0
2713,1576,GILLETTE-EQ,GILLETTE,,-1.0,1,,NSE,5.0
2723,1186,GLAND-EQ,GLAND,,-1.0,1,,NSE,5.0
2724,2316,HEIDELBERG-EQ,HEIDELBERG,,-1.0,1,,NSE,5.0
2727,21501,SIS-EQ,SIS,,-1.0,1,,NSE,5.0
2730,10580,TCI-EQ,TCI,,-1.0,1,,NSE,5.0
2732,7848,BIL-EQ,BIL,,-1.0,1,,NSE,5.0
2734,21726,MATRIMONY-EQ,MATRIMONY,,-1.0,1,,NSE,5.0
2744,14466,KIRLFER-EQ,KIRLFER,,-1.0,1,,NSE,5.0
2751,14428,GOLDBEES-EQ,GOLDBEES,,-1.0,1,,NSE,1.0
2757,10188,SHYAMCENT-EQ,SHYAMCENT,,-1.0,1,,NSE,5.0
2760,4487,ALKYLAMINE-EQ,ALKYLAMINE,,-1.0,1,,NSE,5.0
2761,14657,INSECTICID-EQ,INSECTICID,,-1.0,1,,NSE,5.0
2773,12034,BASML-EQ,BASML,,-1.0,1,,NSE,5.0
2774,30012,CEREBRAINT-EQ,CEREBRAINT,,-1.0,1,,NSE,5.0
2775,11957,IDFC-EQ,IDFC,,-1.0,1,,NSE,5.0
2782,1675,ITI-EQ,ITI,,-1.0,1,,NSE,5.0
2788,25687,JISLDVREQS-BL,JISLDVREQS,,-1.0,1,,NSE,5.0
2789,3022,SDL26BEES-EQ,SDL26BEES,,-1.0,1,,NSE,1.0
2792,7048,HESTERBIO-EQ,HESTERBIO,,-1.0,1,,NSE,5.0
2794,2816,RALLIS-EQ,RALLIS,,-1.0,1,,NSE,5.0
2802,9847,NV20BEES-EQ,NV20BEES,,-1.0,1,,NSE,1.0
2803,15068,RELIGARE-EQ,RELIGARE,,-1.0,1,,NSE,5.0
2804,3345,SUNDRMFAST-EQ,SUNDRMFAST,,-1.0,1,,NSE,5.0
2811,4136,BIOFILCHEM-EQ,BIOFILCHEM,,-1.0,1,,NSE,5.0
2828,1826,KAMATHOTEL-EQ,KAMATHOTEL,,-1.0,1,,NSE,5.0
2829,11860,JKPAPER-EQ,JKPAPER,,-1.0,1,,NSE,5.0
2832,11039,DCMNVL-EQ,DCMNVL,,-1.0,1,,NSE,5.0
2835,30835,PILITA-EQ,PILITA,,-1.0,1,,NSE,5.0
2839,20188,WABAG-EQ,WABAG,,-1.0,1,,NSE,5.0
2841,11965,VIVIMEDLAB-EQ,VIVIMEDLAB,,-1.0,1,,NSE,5.0
2846,13987,ABSLBANETF-EQ,ABSLBANETF,,-1.0,1,,NSE,1.0
2851,10993,INDORAMA-EQ,INDORAMA,,-1.0,1,,NSE,5.0
2852,6156,ARTNIRMAN-EQ,ARTNIRMAN,,-1.0,1,,NSE,5.0
2858,24225,RELAXO-EQ,RELAXO,,-1.0,1,,NSE,5.0
2859,13404,SUNTV-EQ,SUNTV,,-1.0,1,,NSE,5.0
2861,13076,SORILINFRA-EQ,SORILINFRA,,-1.0,1,,NSE,5.0
2862,9552,RVNL-EQ,RVNL,,-1.0,1,,NSE,5.0
2863,18564,LTTS-EQ,LTTS,,-1.0,1,,NSE,5.0
2869,25088,ASAHISONG-EQ,ASAHISONG,,-1.0,1,,NSE,5.0
2870,5265,GLS-EQ,GLS,,-1.0,1,,NSE,5.0
2872,7401,RAJESHEXPO-EQ,RAJESHEXPO,,-1.0,1,,NSE,5.0
2873,15313,IRB-EQ,IRB,,-1.0,1,,NSE,5.0
2883,3813,ARIHANTCAP-EQ,ARIHANTCAP,,-1.0,1,,NSE,5.0
2889,18827,TARAPUR-EQ,TARAPUR,,-1.0,1,,NSE,5.0
2894,13982,JASH-EQ,JASH,,-1.0,1,,NSE,5.0
2901,12231,OCCL-EQ,OCCL,,-1.0,1,,NSE,5.0
2907,8797,OBCL-EQ,OBCL,,-1.0,1,,NSE,5.0
2908,19205,TMRVL-EQ,TMRVL,,-1.0,1,,NSE,5.0
2916,17728,ASTEC-EQ,ASTEC,,-1.0,1,,NSE,5.0
2921,7229,HCLTECH-EQ,HCLTECH,,-1.0,1,,NSE,5.0
2923,22365,ICICITECH-EQ,ICICITECH,,-1.0,1,,NSE,1.0
2925,7412,KOTAKALPHA-EQ,KOTAKALPHA,,-1.0,1,,NSE,1.0
2926,19,INEOSSTYRO-EQ,INEOSSTYRO,,-1.0,1,,NSE,5.0
2928,9931,VIKASLIFE-EQ,VIKASLIFE,,-1.0,1,,NSE,5.0
2942,760,CGPOWER-EQ,CGPOWER,,-1.0,1,,NSE,5.0
2945,13786,TORNTPOWER-EQ,TORNTPOWER,,-1.0,1,,NSE,5.0
2946,19061,MANAPPURAM-EQ,MANAPPURAM,,-1.0,1,,NSE,5.0
2950,11471,EXCELINDUS-EQ,EXCELINDUS,,-1.0,1,,NSE,5.0
2953,8652,VETO-EQ,VETO,,-1.0,1,,NSE,5.0
2954,11445,PILANIINVS-EQ,PILANIINVS,,-1.0,1,,NSE,5.0
2957,958,ESCORTS-EQ,ESCORTS,,-1.0,1,,NSE,5.0
2959,21511,OMKARCHEM-EQ,OMKARCHEM,,-1.0,1,,NSE,5.0
2961,1185,AMBER-EQ,AMBER,,-1.0,1,,NSE,5.0
2964,1162,GTL-EQ,GTL,,-1.0,1,,NSE,5.0
2966,1328,MARINE-EQ,MARINE,,-1.0,1,,NSE,5.0
2969,16751,RANEENGINE-EQ,RANEENGINE,,-1.0,1,,NSE,5.0
2970,13091,EKC-EQ,EKC,,-1.0,1,,NSE,5.0
2973,11496,AMBICAAGAR-EQ,AMBICAAGAR,,-1.0,1,,NSE,5.0
2975,16683,DIGISPICE-EQ,DIGISPICE,,-1.0,1,,NSE,5.0
2976,11377,MAHABANK-EQ,MAHABANK,,-1.0,1,,NSE,5.0
2980,13290,BLKASHYAP-EQ,BLKASHYAP,,-1.0,1,,NSE,5.0
2982,19277,EMAMIREAL-EQ,EMAMIREAL,,-1.0,1,,NSE,5.0
2985,16915,ZFCVINDIA-EQ,ZFCVINDIA,,-1.0,1,,NSE,5.0
2990,144,GODREJAGRO-EQ,GODREJAGRO,,-1.0,1,,NSE,5.0
2992,15179,ECLERX-EQ,ECLERX,,-1.0,1,,NSE,5.0
2993,16845,LGBFORGE-EQ,LGBFORGE,,-1.0,1,,NSE,5.0
2994,9667,MEDICO-EQ,MEDICO,,-1.0,1,,NSE,5.0
3006,5851,KOTAKBKETF-EQ,KOTAKBKETF,,-1.0,1,,NSE,1.0
3009,3066,SESHAPAPER-EQ,SESHAPAPER,,-1.0,1,,NSE,5.0
3010,11817,MANGALAM-EQ,MANGALAM,,-1.0,1,,NSE,5.0
3012,18110,VASCONEQ-EQ,VASCONEQ,,-1.0,1,,NSE,5.0
3025,17507,INCREDIBLE-EQ,INCREDIBLE,,-1.0,1,,NSE,5.0
3027,1979,LAXMIMACH-EQ,LAXMIMACH,,-1.0,1,,NSE,5.0
3030,20374,COALINDIA-EQ,COALINDIA,,-1.0,1,,NSE,5.0
3032,10604,BHARTIARTL-EQ,BHARTIARTL,,-1.0,1,,NSE,5.0
3035,4064,CUBEXTUB-EQ,CUBEXTUB,,-1.0,1,,NSE,5.0
3038,18883,SJVN-EQ,SJVN,,-1.0,1,,NSE,5.0
3042,4847,KIMS-EQ,KIMS,,-1.0,1,,NSE,5.0
3044,30108,ABFRL-EQ,ABFRL,,-1.0,1,,NSE,5.0
3045,14853,OMAXE-EQ,OMAXE,,-1.0,1,,NSE,5.0
3046,21154,ERIS-EQ,ERIS,,-1.0,1,,NSE,5.0
3047,2792,EASEMYTRIP-EQ,EASEMYTRIP,,-1.0,1,,NSE,5.0
3048,1360,HIMATSEIDE-EQ,HIMATSEIDE,,-1.0,1,,NSE,5.0
3052,817,DCW-EQ,DCW,,-1.0,1,,NSE,5.0
3053,811,DCMSHRIRAM-EQ,DCMSHRIRAM,,-1.0,1,,NSE,5.0
3059,13414,RSYSTEMS-EQ,RSYSTEMS,,-1.0,1,,NSE,5.0
3061,438,BHEL-EQ,BHEL,,-1.0,1,,NSE,5.0
3070,4809,KCPSUGIND-EQ,KCPSUGIND,,-1.0,1,,NSE,5.0
3074,4594,KOTHARIPET-EQ,KOTHARIPET,,-1.0,1,,NSE,5.0
3090,20223,CLEDUCATE-EQ,CLEDUCATE,,-1.0,1,,NSE,5.0
3092,1797,AWHCL-EQ,AWHCL,,-1.0,1,,NSE,5.0
3095,14309,INDIANB-EQ,INDIANB,,-1.0,1,,NSE,5.0
3100,2489,ISEC-EQ,ISEC,,-1.0,1,,NSE,5.0
3102,18479,ISFT-EQ,ISFT,,-1.0,1,,NSE,5.0
3103,3138,HONDAPOWER-EQ,HONDAPOWER,,-1.0,1,,NSE,5.0
3111,11460,JPASSOCIAT-EQ,JPASSOCIAT,,-1.0,1,,NSE,5.0
3112,13305,CENTURYPLY-EQ,CENTURYPLY,,-1.0,1,,NSE,5.0
3114,13637,JMFINANCIL-EQ,JMFINANCIL,,-1.0,1,,NSE,5.0
3117,21392,MAGADSUGAR-EQ,MAGADSUGAR,,-1.0,1,,NSE,5.0
3118,28913,ROSSELLIND-EQ,ROSSELLIND,,-1.0,1,,NSE,5.0
3126,1729,JBFIND-EQ,JBFIND,,-1.0,1,,NSE,5.0
3128,20296,GAL-EQ,GAL,,-1.0,1,,NSE,5.0
3129,8341,CALSOFT-EQ,CALSOFT,,-1.0,1,,NSE,5.0
3131,25328,APLLTD-EQ,APLLTD,,-1.0,1,,NSE,5.0
3132,4422,INDIANCARD-EQ,INDIANCARD,,-1.0,1,,NSE,5.0
3134,13720,JHS-EQ,JHS,,-1.0,1,,NSE,5.0
3135,6843,SMLT-EQ,SMLT,,-1.0,1,,NSE,5.0
3137,11369,TTKHLTCARE-EQ,TTKHLTCARE,,-1.0,1,,NSE,5.0
3143,5748,CYIENT-EQ,CYIENT,,-1.0,1,,NSE,5.0
3146,19289,MOM50-EQ,MOM50,,-1.0,1,,NSE,1.0
3147,4378,ICICISENSX-EQ,ICICISENSX,,-1.0,1,,NSE,1.0
3148,270,CHEMCON-EQ,CHEMCON,,-1.0,1,,NSE,5.0
3150,6040,EIFFL-EQ,EIFFL,,-1.0,1,,NSE,5.0
3160,5279,ROLEXRINGS-EQ,ROLEXRINGS,,-1.0,1,,NSE,5.0
3169,3063,VEDL-EQ,VEDL,,-1.0,1,,NSE,5.0
3178,14361,APOLLOPIPE-EQ,APOLLOPIPE,,-1.0,1,,NSE,5.0
3179,21238,AUBANK-EQ,AUBANK,,-1.0,1,,NSE,5.0
3180,10,ABAN-EQ,ABAN,,-1.0,1,,NSE,5.0
3188,10948,STCINDIA-EQ,STCINDIA,,-1.0,1,,NSE,5.0
3195,5385,AAVAS-EQ,AAVAS,,-1.0,1,,NSE,5.0
3198,6705,PAYTM-EQ,PAYTM,,-1.0,1,,NSE,5.0
3204,11868,63MOONS-EQ,63MOONS,,-1.0,1,,NSE,5.0
3207,7886,MHLXMIRU-EQ,MHLXMIRU,,-1.0,1,,NSE,5.0
3208,25634,ESSARSHPNG-EQ,ESSARSHPNG,,-1.0,1,,NSE,5.0
3210,13430,KELLTONTEC-EQ,KELLTONTEC,,-1.0,1,,NSE,5.0
3217,9668,HIKAL-EQ,HIKAL,,-1.0,1,,NSE,5.0
3221,1811,KAKATCEM-EQ,KAKATCEM,,-1.0,1,,NSE,5.0
3224,13538,TECHM-EQ,TECHM,,-1.0,1,,NSE,5.0
3225,163,APOLLOTYRE-EQ,APOLLOTYRE,,-1.0,1,,NSE,5.0
3226,3024,JINDALSAW-EQ,JINDALSAW,,-1.0,1,,NSE,5.0
3227,4963,ICICIBANK-EQ,ICICIBANK,,-1.0,1,,NSE,5.0
3232,11253,WELSPUNIND-EQ,WELSPUNIND,,-1.0,1,,NSE,5.0
3234,9683,KPITTECH-EQ,KPITTECH,,-1.0,1,,NSE,5.0
3235,6944,GANECOS-EQ,GANECOS,,-1.0,1,,NSE,5.0
3237,4421,CREDITACC-EQ,CREDITACC,,-1.0,1,,NSE,5.0
3238,9590,POLYCAB-EQ,POLYCAB,,-1.0,1,,NSE,5.0
3239,1196,KANSAINER-EQ,KANSAINER,,-1.0,1,,NSE,5.0
3241,3745,WATERBASE-EQ,WATERBASE,,-1.0,1,,NSE,5.0
3245,3247,NITIRAJ-EQ,NITIRAJ,,-1.0,1,,NSE,5.0
3249,3579,UNICHEMLAB-EQ,UNICHEMLAB,,-1.0,1,,NSE,5.0
3250,10243,SYNGENE-EQ,SYNGENE,,-1.0,1,,NSE,5.0
3251,8003,SILVER-EQ,SILVER,,-1.0,1,,NSE,1.0
3254,3766,WHEELS-EQ,WHEELS,,-1.0,1,,NSE,5.0
3255,5245,AAREYDRUGS-EQ,AAREYDRUGS,,-1.0,1,,NSE,5.0
3259,21690,DIXON-EQ,DIXON,,-1.0,1,,NSE,5.0
3265,14894,CENTRALBK-EQ,CENTRALBK,,-1.0,1,,NSE,5.0
3267,312,TIINDIA-EQ,TIINDIA,,-1.0,1,,NSE,5.0
3276,3718,VOLTAS-EQ,VOLTAS,,-1.0,1,,NSE,5.0
3277,16795,ARCHIDPLY-EQ,ARCHIDPLY,,-1.0,1,,NSE,5.0
3279,10285,AYMSYNTEX-EQ,AYMSYNTEX,,-1.0,1,,NSE,5.0
3280,15039,CERA-EQ,CERA,,-1.0,1,,NSE,5.0
3281,30038,FCONSUMER-EQ,FCONSUMER,,-1.0,1,,NSE,5.0
3286,20314,NRAIL-EQ,NRAIL,,-1.0,1,,NSE,5.0
3287,14346,ORIENTALTL-EQ,ORIENTALTL,,-1.0,1,,NSE,5.0
3289,1859,KESORAMIND-EQ,KESORAMIND,,-1.0,1,,NSE,5.0
3293,21017,FMNL-EQ,FMNL,,-1.0,1,,NSE,5.0
3294,4014,NBVENTURES-EQ,NBVENTURES,,-1.0,1,,NSE,5.0
3295,13101,VIMTALABS-EQ,VIMTALABS,,-1.0,1,,NSE,5.0
3298,7506,WOCKPHARMA-EQ,WOCKPHARMA,,-1.0,1,,NSE,5.0
3301,17364,VINATIORGA-EQ,VINATIORGA,,-1.0,1,,NSE,5.0
3302,18039,ADVENZYMES-EQ,ADVENZYMES,,-1.0,1,,NSE,5.0
3314,157,APOLLOHOSP-EQ,APOLLOHOSP,,-1.0,1,,NSE,5.0
3321,4481,AARTIDRUGS-EQ,AARTIDRUGS,,-1.0,1,,NSE,5.0
3323,3637,JUBLPHARMA-EQ,JUBLPHARMA,,-1.0,1,,NSE,5.0
3324,17351,SALONA-EQ,SALONA,,-1.0,1,,NSE,5.0
3325,13951,PARACABLES-EQ,PARACABLES,,-1.0,1,,NSE,5.0
3327,11798,ALLSEC-EQ,ALLSEC,,-1.0,1,,NSE,5.0
3331,6066,ATGL-EQ,ATGL,,-1.0,1,,NSE,5.0
3336,8968,HARIOMPIPE-EQ,HARIOMPIPE,,-1.0,1,,NSE,5.0
3338,14356,MINDTREE-EQ,MINDTREE,,-1.0,1,,NSE,5.0
3341,8163,SPENCERS-EQ,SPENCERS,,-1.0,1,,NSE,5.0
3346,6445,TECHNOE-EQ,TECHNOE,,-1.0,1,,NSE,5.0
3352,3126,SHREYANIND-EQ,SHREYANIND,,-1.0,1,,NSE,5.0
3355,5020,SVPGLOB-EQ,SVPGLOB,,-1.0,1,,NSE,5.0
3356,436,IFGLEXPOR-EQ,IFGLEXPOR,,-1.0,1,,NSE,5.0
3357,14702,NAGREEKEXP-EQ,NAGREEKEXP,,-1.0,1,,NSE,5.0
3358,3518,TORNTPHARM-EQ,TORNTPHARM,,-1.0,1,,NSE,5.0
3360,14535,GOLDSHARE-EQ,GOLDSHARE,,-1.0,1,,NSE,5.0
3362,9260,ARROWGREEN-EQ,ARROWGREEN,,-1.0,1,,NSE,5.0
3365,16855,EQUITAS-BL,EQUITAS,,-1.0,1,,NSE,5.0
3368,2606,LEMONTREE-EQ,LEMONTREE,,-1.0,1,,NSE,5.0
3372,9428,SKIPPER-EQ,SKIPPER,,-1.0,1,,NSE,5.0
3375,14523,ICRA-EQ,ICRA,,-1.0,1,,NSE,5.0
3381,11427,NDTV-EQ,NDTV,,-1.0,1,,NSE,5.0
3383,1143,SDL24BEES-EQ,SDL24BEES,,-1.0,1,,NSE,1.0
3388,1011,SCHAEFFLER-EQ,SCHAEFFLER,,-1.0,1,,NSE,5.0
3390,21275,SUMMITSEC-EQ,SUMMITSEC,,-1.0,1,,NSE,5.0
3396,18124,DBREALTY-EQ,DBREALTY,,-1.0,1,,NSE,5.0
3405,21406,AVADHSUGAR-EQ,AVADHSUGAR,,-1.0,1,,NSE,5.0
3418,10440,LUPIN-EQ,LUPIN,,-1.0,1,,NSE,5.0
3419,5401,NGIL-EQ,NGIL,,-1.0,1,,NSE,5.0
3420,28952,DUCON-EQ,DUCON,,-1.0,1,,NSE,5.0
3422,21174,CDSL-EQ,CDSL,,-1.0,1,,NSE,5.0
3423,8806,SONAMCLOCK-EQ,SONAMCLOCK,,-1.0,1,,NSE,5.0
3431,13260,KEC-EQ,KEC,,-1.0,1,,NSE,5.0
3440,2562,HUHTAMAKI-EQ,HUHTAMAKI,,-1.0,1,,NSE,5.0
3445,278,AUTOAXLES-EQ,AUTOAXLES,,-1.0,1,,NSE,5.0
3446,19578,UGARSUGAR-EQ,UGARSUGAR,,-1.0,1,,NSE,5.0
3450,3694,VINDHYATEL-EQ,VINDHYATEL,,-1.0,1,,NSE,5.0
3452,19943,DEEPAKNTR-EQ,DEEPAKNTR,,-1.0,1,,NSE,5.0
3454,8937,E2E-EQ,E2E,,-1.0,1,,NSE,5.0
3456,3724,VSTIND-EQ,VSTIND,,-1.0,1,,NSE,5.0
3464,4732,SKMEGGPROD-EQ,SKMEGGPROD,,-1.0,1,,NSE,5.0
3468,357,NAM-INDIA-EQ,NAM-INDIA,,-1.0,1,,NSE,5.0
3469,17263,ARMANFIN-EQ,ARMANFIN,,-1.0,1,,NSE,5.0
3471,17927,BAYERCROP-EQ,BAYERCROP,,-1.0,1,,NSE,5.0
3472,5633,J&KBANK-EQ,J&KBANK,,-1.0,1,,NSE,5.0
3476,637,CHAMBLFERT-EQ,CHAMBLFERT,,-1.0,1,,NSE,5.0
3484,11630,NTPC-EQ,NTPC,,-1.0,1,,NSE,5.0
3485,6045,PASUPTAC-EQ,PASUPTAC,,-1.0,1,,NSE,5.0
3493,13796,MANALIPETC-EQ,MANALIPETC,,-1.0,1,,NSE,5.0
3494,275,AUROPHARMA-EQ,AUROPHARMA,,-1.0,1,,NSE,5.0
3499,10516,FEL-EQ,FEL,,-1.0,1,,NSE,5.0
3502,24217,IVZINNIFTY-EQ,IVZINNIFTY,,-1.0,1,,NSE,1.0
3505,5162,TATVA-EQ,TATVA,,-1.0,1,,NSE,5.0
3506,28859,PROZONINTU-EQ,PROZONINTU,,-1.0,1,,NSE,5.0
3507,2866,RCF-EQ,RCF,,-1.0,1,,NSE,5.0
3511,14344,SEQUENT-BL,SEQUENT,,-1.0,1,,NSE,5.0
3520,14096,SIYSIL-EQ,SIYSIL,,-1.0,1,,NSE,5.0
3521,9111,ARVINDFASN-EQ,ARVINDFASN,,-1.0,1,,NSE,5.0
3522,11983,SASKEN-EQ,SASKEN,,-1.0,1,,NSE,5.0
3536,15083,ADANIPORTS-EQ,ADANIPORTS,,-1.0,1,,NSE,5.0
3545,12603,PRECAM-EQ,PRECAM,,-1.0,1,,NSE,5.0
3546,14937,MAHINDCIE-EQ,MAHINDCIE,,-1.0,1,,NSE,5.0
3548,2421,NILKAMAL-EQ,NILKAMAL,,-1.0,1,,NSE,5.0
3549,1134,APOLLO-EQ,APOLLO,,-1.0,1,,NSE,5.0
3557,5352,EXXARO-EQ,EXXARO,,-1.0,1,,NSE,5.0
3558,22423,TOTAL-EQ,TOTAL,,-1.0,1,,NSE,5.0
3559,1782,KANPRPLA-EQ,KANPRPLA,,-1.0,1,,NSE,5.0
3563,1315,GALAXYSURF-EQ,GALAXYSURF,,-1.0,1,,NSE,5.0
3565,15174,TRIL-EQ,TRIL,,-1.0,1,,NSE,5.0
3566,5359,KRSNAA-EQ,KRSNAA,,-1.0,1,,NSE,5.0
3571,338,BALMLAWRIE-EQ,BALMLAWRIE,,-1.0,1,,NSE,5.0
3574,17520,RTNPOWER-EQ,RTNPOWER,,-1.0,1,,NSE,5.0
3580,22428,MAXIND-EQ,MAXIND,,-1.0,1,,NSE,5.0
3585,2028,LYKALABS-EQ,LYKALABS,,-1.0,1,,NSE,5.0
3593,14667,KMSUGAR-EQ,KMSUGAR,,-1.0,1,,NSE,5.0
3595,13702,VISHWARAJ-EQ,VISHWARAJ,,-1.0,1,,NSE,5.0
3600,25780,APLAPOLLO-EQ,APLAPOLLO,,-1.0,1,,NSE,5.0
3602,19631,PRICOLLTD-EQ,PRICOLLTD,,-1.0,1,,NSE,5.0
3603,14707,TIMETECHNO-EQ,TIMETECHNO,,-1.0,1,,NSE,5.0
3613,1491,IFCI-EQ,IFCI,,-1.0,1,,NSE,5.0
3616,13745,GTLINFRA-EQ,GTLINFRA,,-1.0,1,,NSE,5.0
3622,2303,HAL-EQ,HAL,,-1.0,1,,NSE,5.0
3628,1838,KARURVYSYA-EQ,KARURVYSYA,,-1.0,1,,NSE,5.0
3630,18365,PERSISTENT-EQ,PERSISTENT,,-1.0,1,,NSE,5.0
3632,13826,SOBHA-EQ,SOBHA,,-1.0,1,,NSE,5.0
3633,7851,RAMCOSYS-EQ,RAMCOSYS,,-1.0,1,,NSE,5.0
3634,2809,RAJSREESUG-EQ,RAJSREESUG,,-1.0,1,,NSE,5.0
3646,21478,UTINEXT50-EQ,UTINEXT50,,-1.0,1,,NSE,1.0
3648,722,SBIETFPB-EQ,SBIETFPB,,-1.0,1,,NSE,1.0
3649,11351,PETRONET-EQ,PETRONET,,-1.0,1,,NSE,5.0
3652,13221,INOXLEISUR-EQ,INOXLEISUR,,-1.0,1,,NSE,5.0
3654,22415,LOVABLE-EQ,LOVABLE,,-1.0,1,,NSE,5.0
3655,13106,NAHARINDUS-EQ,NAHARINDUS,,-1.0,1,,NSE,5.0
3658,6711,IVC-EQ,IVC,,-1.0,1,,NSE,5.0
3668,9356,MSTCLTD-EQ,MSTCLTD,,-1.0,1,,NSE,5.0
3685,380,BBTC-EQ,BBTC,,-1.0,1,,NSE,5.0
3687,2972,ORIENTELEC-EQ,ORIENTELEC,,-1.0,1,,NSE,5.0
3690,7406,GLENMARK-EQ,GLENMARK,,-1.0,1,,NSE,5.0
3710,14912,KPRMILL-EQ,KPRMILL,,-1.0,1,,NSE,5.0
3719,11892,VHL-EQ,VHL,,-1.0,1,,NSE,5.0
3722,3078,SHANTIGEAR-EQ,SHANTIGEAR,,-1.0,1,,NSE,5.0
3724,8654,MOLOWVOL-EQ,MOLOWVOL,,-1.0,1,,NSE,1.0
3725,17839,GILLANDERS-EQ,GILLANDERS,,-1.0,1,,NSE,5.0
3726,20159,ARIHANTSUP-EQ,ARIHANTSUP,,-1.0,1,,NSE,5.0
3729,16913,ARTEMISMED-EQ,ARTEMISMED,,-1.0,1,,NSE,5.0
3731,4221,VISAKAIND-EQ,VISAKAIND,,-1.0,1,,NSE,5.0
3733,1919,KOPRAN-EQ,KOPRAN,,-1.0,1,,NSE,5.0
3737,2088,MAHSEAMLES-EQ,MAHSEAMLES,,-1.0,1,,NSE,5.0
3748,7287,JTLINFRA-EQ,JTLINFRA,,-1.0,1,,NSE,5.0
3762,9362,CAMPUS-EQ,CAMPUS,,-1.0,1,,NSE,5.0
3766,9219,TPLPLASTEH-EQ,TPLPLASTEH,,-1.0,1,,NSE,5.0
3769,16783,GET&D-EQ,GET&D,,-1.0,1,,NSE,5.0
3772,18944,KINGFA-EQ,KINGFA,,-1.0,1,,NSE,5.0
3773,7838,NETF-EQ,NETF,,-1.0,1,,NSE,1.0
3777,17486,EXPLEOSOL-EQ,EXPLEOSOL,,-1.0,1,,NSE,5.0
3782,13648,TALBROAUTO-EQ,TALBROAUTO,,-1.0,1,,NSE,5.0
3784,20329,CGCL-EQ,CGCL,,-1.0,1,,NSE,5.0
3790,2970,SURYODAY-EQ,SURYODAY,,-1.0,1,,NSE,5.0
3791,15204,ARIES-EQ,ARIES,,-1.0,1,,NSE,5.0
3793,21683,BRNL-EQ,BRNL,,-1.0,1,,NSE,5.0
3794,7374,STAR-EQ,STAR,,-1.0,1,,NSE,5.0
3797,9158,BALAJITELE-EQ,BALAJITELE,,-1.0,1,,NSE,5.0
3801,11532,ULTRACEMCO-EQ,ULTRACEMCO,,-1.0,1,,NSE,5.0
3808,916,EIDPARRY-EQ,EIDPARRY,,-1.0,1,,NSE,5.0
3811,2263,BANDHANBNK-EQ,BANDHANBNK,,-1.0,1,,NSE,5.0
3814,11006,LIQUIDBEES-EQ,LIQUIDBEES,,-1.0,1,,NSE,1.0
3816,14562,ZENITHSTL-EQ,ZENITHSTL,,-1.0,1,,NSE,5.0
3831,14116,GANDHITUBE-EQ,GANDHITUBE,,-1.0,1,,NSE,5.0
3839,9007,NOVARTIND-EQ,NOVARTIND,,-1.0,1,,NSE,5.0
3842,2142,MFSL-EQ,MFSL,,-1.0,1,,NSE,5.0
3847,2716,BUTTERFLY-EQ,BUTTERFLY,,-1.0,1,,NSE,5.0
3855,1403,HINDOILEXP-EQ,HINDOILEXP,,-1.0,1,,NSE,5.0
3857,6961,MENONBE-EQ,MENONBE,,-1.0,1,,NSE,5.0
3866,15199,MANAKSIA-EQ,MANAKSIA,,-1.0,1,,NSE,5.0
3867,4656,SBCL-EQ,SBCL,,-1.0,1,,NSE,5.0
3871,3351,SUNPHARMA-EQ,SUNPHARMA,,-1.0,1,,NSE,5.0
3882,20778,JAMNAAUTO-EQ,JAMNAAUTO,,-1.0,1,,NSE,5.0
3883,14329,SMSPHARMA-EQ,SMSPHARMA,,-1.0,1,,NSE,5.0
3886,1507,MOGSEC-EQ,MOGSEC,,-1.0,1,,NSE,1.0
3889,3880,SOMANYCERA-EQ,SOMANYCERA,,-1.0,1,,NSE,5.0
3891,17971,SBICARD-EQ,SBICARD,,-1.0,1,,NSE,5.0
3892,14567,BFUTILITIE-EQ,BFUTILITIE,,-1.0,1,,NSE,5.0
3893,5142,CIGNITITEC-EQ,CIGNITITEC,,-1.0,1,,NSE,5.0
3897,4870,INDSWFTLAB-EQ,INDSWFTLAB,,-1.0,1,,NSE,5.0
3901,20224,CEBBCO-EQ,CEBBCO,,-1.0,1,,NSE,5.0
3905,20906,A2ZINFRA-EQ,A2ZINFRA,,-1.0,1,,NSE,5.0
3907,13337,GALLANTT-EQ,GALLANTT,,-1.0,1,,NSE,5.0
3909,17833,AHLUCONT-EQ,AHLUCONT,,-1.0,1,,NSE,5.0
3911,955,ESABINDIA-EQ,ESABINDIA,,-1.0,1,,NSE,5.0
3916,13771,AARVEEDEN-EQ,AARVEEDEN,,-1.0,1,,NSE,5.0
3919,744,FSC-EQ,FSC,,-1.0,1,,NSE,5.0
3921,5220,MAFSETF-EQ,MAFSETF,,-1.0,1,,NSE,1.0
3924,5516,JAIPURKURT-EQ,JAIPURKURT,,-1.0,1,,NSE,5.0
3934,1406,HINDPETRO-EQ,HINDPETRO,,-1.0,1,,NSE,5.0
3939,15288,HERCULES-EQ,HERCULES,,-1.0,1,,NSE,5.0
3944,16965,TATAMTRDVR-EQ,TATAMTRDVR,,-1.0,1,,NSE,5.0
3945,9810,AETHER-EQ,AETHER,,-1.0,1,,NSE,5.0
3951,10181,BALKRISHNA-EQ,BALKRISHNA,,-1.0,1,,NSE,5.0
3957,30023,ATULAUTO-EQ,ATULAUTO,,-1.0,1,,NSE,5.0
3958,8077,KOTAKMID50-EQ,KOTAKMID50,,-1.0,1,,NSE,1.0
3967,17395,SETF10GILT-EQ,SETF10GILT,,-1.0,1,,NSE,1.0
3975,10473,POWERMECH-EQ,POWERMECH,,-1.0,1,,NSE,5.0
3976,341,BALRAMCHIN-EQ,BALRAMCHIN,,-1.0,1,,NSE,5.0
3977,993,EVERESTIND-EQ,EVERESTIND,,-1.0,1,,NSE,5.0
3978,21828,TEXRAIL-EQ,TEXRAIL,,-1.0,1,,NSE,5.0
3980,15337,RAIN-EQ,RAIN,,-1.0,1,,NSE,5.0
3982,3757,VENKEYS-EQ,VENKEYS,,-1.0,1,,NSE,5.0
3985,277,GICRE-EQ,GICRE,,-1.0,1,,NSE,5.0
3988,14592,FORTIS-EQ,FORTIS,,-1.0,1,,NSE,5.0
3991,3807,VINEETLAB-EQ,VINEETLAB,,-1.0,1,,NSE,5.0
3999,324,ANGELONE-EQ,ANGELONE,,-1.0,1,,NSE,5.0
4003,3045,SBIN-EQ,SBIN,,-1.0,1,,NSE,5.0
4010,1267,GUJALKALI-EQ,GUJALKALI,,-1.0,1,,NSE,5.0
4013,2168,RAJMET-EQ,RAJMET,,-1.0,1,,NSE,5.0
4016,20453,APCL-EQ,APCL,,-1.0,1,,NSE,5.0
4019,2963,SAIL-EQ,SAIL,,-1.0,1,,NSE,5.0
4020,11325,MUKANDLTD-EQ,MUKANDLTD,,-1.0,1,,NSE,5.0
4025,11411,RKFORGE-EQ,RKFORGE,,-1.0,1,,NSE,5.0
4026,2844,RANEHOLDIN-EQ,RANEHOLDIN,,-1.0,1,,NSE,5.0
4033,3375,SURYAROSNI-EQ,SURYAROSNI,,-1.0,1,,NSE,5.0
4037,4986,IRCON-EQ,IRCON,,-1.0,1,,NSE,5.0
4038,14319,TFL-EQ,TFL,,-1.0,1,,NSE,5.0
4039,19585,BSE-EQ,BSE,,-1.0,1,,NSE,5.0
4044,3837,TOKYOPLAST-EQ,TOKYOPLAST,,-1.0,1,,NSE,5.0
4051,4235,WENDT-EQ,WENDT,,-1.0,1,,NSE,5.0
4061,21077,SURANASOL-EQ,SURANASOL,,-1.0,1,,NSE,5.0
4063,9539,SAKAR-EQ,SAKAR,,-1.0,1,,NSE,5.0
4066,9046,AGROPHOS-EQ,AGROPHOS,,-1.0,1,,NSE,5.0
4067,25178,TDPOWERSYS-EQ,TDPOWERSYS,,-1.0,1,,NSE,5.0
4071,10717,TIMESGTY-EQ,TIMESGTY,,-1.0,1,,NSE,5.0
4073,981,EPL-EQ,EPL,,-1.0,1,,NSE,5.0
4074,913,EQUITASBNK-EQ,EQUITASBNK,,-1.0,1,,NSE,5.0
4079,25724,RUPA-EQ,RUPA,,-1.0,1,,NSE,5.0
4084,6446,ICICICONSU-EQ,ICICICONSU,,-1.0,1,,NSE,1.0
4087,14547,NXTDIGITAL-EQ,NXTDIGITAL,,-1.0,1,,NSE,5.0
4092,14198,TIMKEN-EQ,TIMKEN,,-1.0,1,,NSE,5.0
4095,14154,MINDAIND-EQ,MINDAIND,,-1.0,1,,NSE,5.0
4096,6733,JINDALSTEL-EQ,JINDALSTEL,,-1.0,1,,NSE,5.0
4097,7053,ACCELYA-EQ,ACCELYA,,-1.0,1,,NSE,5.0
4098,136,ANDHRSUGAR-EQ,ANDHRSUGAR,,-1.0,1,,NSE,5.0
4100,13536,VIDHIING-EQ,VIDHIING,,-1.0,1,,NSE,5.0
4101,12124,DOLATALGO-EQ,DOLATALGO,,-1.0,1,,NSE,5.0
4102,17700,LTGILTBEES-EQ,LTGILTBEES,,-1.0,1,,NSE,1.0
4105,29050,ZUARI-EQ,ZUARI,,-1.0,1,,NSE,5.0
4106,3389,AGARIND-EQ,AGARIND,,-1.0,1,,NSE,5.0
4108,17939,HINDCOPPER-EQ,HINDCOPPER,,-1.0,1,,NSE,5.0
4109,29135,INDUSTOWER-EQ,INDUSTOWER,,-1.0,1,,NSE,5.0
4110,7242,METROBRAND-EQ,METROBRAND,,-1.0,1,,NSE,5.0
4116,29877,VIVIDHA-EQ,VIVIDHA,,-1.0,1,,NSE,5.0
4118,10577,KRBL-EQ,KRBL,,-1.0,1,,NSE,5.0
4120,15332,NMDC-EQ,NMDC,,-1.0,1,,NSE,5.0
4121,2614,HERANBA-EQ,HERANBA,,-1.0,1,,NSE,5.0
4123,11703,ALKEM-EQ,ALKEM,,-1.0,1,,NSE,5.0
4135,3403,AJOONI-EQ,AJOONI,,-1.0,1,,NSE,5.0
4137,2313,MURUDCERA-EQ,MURUDCERA,,-1.0,1,,NSE,5.0
4139,3220,LODHA-EQ,LODHA,,-1.0,1,,NSE,5.0
4147,1841,KCP-EQ,KCP,,-1.0,1,,NSE,5.0
4151,11723,JSWSTEEL-EQ,JSWSTEEL,,-1.0,1,,NSE,5.0
4153,1805,KABRAEXTRU-EQ,KABRAEXTRU,,-1.0,1,,NSE,5.0
4156,1485,IFBIND-EQ,IFBIND,,-1.0,1,,NSE,5.0
4158,16908,TOUCHWOOD-EQ,TOUCHWOOD,,-1.0,1,,NSE,5.0
4160,530,BPL-EQ,BPL,,-1.0,1,,NSE,5.0
4161,9384,CREATIVEYE-EQ,CREATIVEYE,,-1.0,1,,NSE,5.0
4164,1994,LIBERTSHOE-EQ,LIBERTSHOE,,-1.0,1,,NSE,5.0
4167,11743,JINDALPHOT-EQ,JINDALPHOT,,-1.0,1,,NSE,5.0
4168,10922,OMAXAUTO-EQ,OMAXAUTO,,-1.0,1,,NSE,5.0
4170,29113,CARERATING-EQ,CARERATING,,-1.0,1,,NSE,5.0
4182,14413,PAGEIND-EQ,PAGEIND,,-1.0,1,,NSE,5.0
4184,2535,PGHH-EQ,PGHH,,-1.0,1,,NSE,5.0
4185,11423,DATAMATICS-EQ,DATAMATICS,,-1.0,1,,NSE,5.0
4190,2955,KALYANKJIL-EQ,KALYANKJIL,,-1.0,1,,NSE,5.0
4193,4067,MARICO-EQ,MARICO,,-1.0,1,,NSE,5.0
4195,857,DHAMPURSUG-EQ,DHAMPURSUG,,-1.0,1,,NSE,5.0
4199,7942,ICICISILVE-EQ,ICICISILVE,,-1.0,1,,NSE,1.0
4201,3748,WEIZMANIND-EQ,WEIZMANIND,,-1.0,1,,NSE,5.0
4203,638,SUULD-EQ,SUULD,,-1.0,1,,NSE,5.0
4207,3411,TATAELXSI-EQ,TATAELXSI,,-1.0,1,,NSE,5.0
4209,12518,JISLJALEQS-BL,JISLJALEQS,,-1.0,1,,NSE,5.0
4217,3799,WSTCSTPAPR-EQ,WSTCSTPAPR,,-1.0,1,,NSE,5.0
4218,9741,PARADEEP-EQ,PARADEEP,,-1.0,1,,NSE,5.0
4220,5449,CHEMPLASTS-EQ,CHEMPLASTS,,-1.0,1,,NSE,5.0
4229,3812,ZEEL-EQ,ZEEL,,-1.0,1,,NSE,5.0
4230,25017,BODALCHEM-EQ,BODALCHEM,,-1.0,1,,NSE,5.0
4233,3021,SOTL-EQ,SOTL,,-1.0,1,,NSE,5.0
4234,20446,PODDARHOUS-EQ,PODDARHOUS,,-1.0,1,,NSE,5.0
4237,11239,NSIL-EQ,NSIL,,-1.0,1,,NSE,5.0
4238,9049,ROTO-EQ,ROTO,,-1.0,1,,NSE,5.0
4253,1448,HLVLTD-EQ,HLVLTD,,-1.0,1,,NSE,5.0
4254,22243,EBBETF0425-EQ,EBBETF0425,,-1.0,1,,NSE,1.0
4257,4907,ENGINERSIN-EQ,ENGINERSIN,,-1.0,1,,NSE,5.0
4264,2049,CHENNPETRO-EQ,CHENNPETRO,,-1.0,1,,NSE,5.0
4270,17685,GPTINFRA-EQ,GPTINFRA,,-1.0,1,,NSE,5.0
4272,1313,HARRMALAYA-EQ,HARRMALAYA,,-1.0,1,,NSE,5.0
4277,1681,IVP-EQ,IVP,,-1.0,1,,NSE,5.0
4281,2463,MIDHANI-EQ,MIDHANI,,-1.0,1,,NSE,5.0
4290,21427,THEINVEST-EQ,THEINVEST,,-1.0,1,,NSE,5.0
4291,8546,CHALET-EQ,CHALET,,-1.0,1,,NSE,5.0
4293,31258,NDL-EQ,NDL,,-1.0,1,,NSE,5.0
4294,9348,IOB-EQ,IOB,,-1.0,1,,NSE,5.0
4296,1424,HINDZINC-EQ,HINDZINC,,-1.0,1,,NSE,5.0
4300,3496,TIRUMALCHM-EQ,TIRUMALCHM,,-1.0,1,,NSE,5.0
4304,3821,ZODIACLOTH-EQ,ZODIACLOTH,,-1.0,1,,NSE,5.0
4310,31107,DBSTOCKBRO-EQ,DBSTOCKBRO,,-1.0,1,,NSE,5.0
4316,19084,ITBEES-EQ,ITBEES,,-1.0,1,,NSE,1.0
4317,25468,PAISALO-EQ,PAISALO,,-1.0,1,,NSE,5.0
4318,1521,INDIAGLYCO-EQ,INDIAGLYCO,,-1.0,1,,NSE,5.0
4319,14480,GOKULAGRO-EQ,GOKULAGRO,,-1.0,1,,NSE,5.0
4320,18086,DBL-EQ,DBL,,-1.0,1,,NSE,5.0
4322,11667,DWARKESH-EQ,DWARKESH,,-1.0,1,,NSE,5.0
4326,8024,CINEVISTA-EQ,CINEVISTA,,-1.0,1,,NSE,5.0
4327,11763,JPPOWER-EQ,JPPOWER,,-1.0,1,,NSE,5.0
4330,11626,WELENT-EQ,WELENT,,-1.0,1,,NSE,5.0
4331,6198,FCL-EQ,FCL,,-1.0,1,,NSE,5.0
4333,19410,ROSSARI-EQ,ROSSARI,,-1.0,1,,NSE,5.0
4334,1547,RKEC-EQ,RKEC,,-1.0,1,,NSE,5.0
4335,10238,CONFIPET-EQ,CONFIPET,,-1.0,1,,NSE,5.0
4340,24196,VADILALIND-EQ,VADILALIND,,-1.0,1,,NSE,5.0
4347,17400,NHPC-EQ,NHPC,,-1.0,1,,NSE,5.0
4348,1835,KANORICHEM-EQ,KANORICHEM,,-1.0,1,,NSE,5.0
4352,11446,SPICEJET-EQ,SPICEJET,,-1.0,1,,NSE,5.0
4358,4469,ELECTHERM-EQ,ELECTHERM,,-1.0,1,,NSE,5.0
4360,19025,KIRLOSIND-EQ,KIRLOSIND,,-1.0,1,,NSE,5.0
4362,14582,SRHHYPOLTD-EQ,SRHHYPOLTD,,-1.0,1,,NSE,5.0
4363,25608,INDOTHAI-EQ,INDOTHAI,,-1.0,1,,NSE,5.0
4365,16745,RBL-EQ,RBL,,-1.0,1,,NSE,5.0
4366,3010,AXISTECETF-EQ,AXISTECETF,,-1.0,1,,NSE,1.0
4384,522,ICICIB22-EQ,ICICIB22,,-1.0,1,,NSE,1.0
4385,13081,TRIVENI-EQ,TRIVENI,,-1.0,1,,NSE,5.0
4388,15189,BGRENERGY-EQ,BGRENERGY,,-1.0,1,,NSE,5.0
4389,14008,AVTNPL-EQ,AVTNPL,,-1.0,1,,NSE,5.0
4390,1372,HINDCOMPOS-EQ,HINDCOMPOS,,-1.0,1,,NSE,5.0
4394,1633,IPCALAB-EQ,IPCALAB,,-1.0,1,,NSE,5.0
4395,15377,PDMJEPAPER-EQ,PDMJEPAPER,,-1.0,1,,NSE,5.0
4396,15214,DVL-EQ,DVL,,-1.0,1,,NSE,5.0
4403,4668,BANKBARODA-EQ,BANKBARODA,,-1.0,1,,NSE,5.0
4409,3607,UNIVCABLES-EQ,UNIVCABLES,,-1.0,1,,NSE,5.0
4422,10297,PPL-EQ,PPL,,-1.0,1,,NSE,5.0
4424,8479,TVSMOTOR-EQ,TVSMOTOR,,-1.0,1,,NSE,5.0
4430,907,EASTSILK-EQ,EASTSILK,,-1.0,1,,NSE,5.0
4440,29284,VMART-EQ,VMART,,-1.0,1,,NSE,5.0
4443,8953,ELDEHSG-EQ,ELDEHSG,,-1.0,1,,NSE,5.0
4457,5650,SHANTI-EQ,SHANTI,,-1.0,1,,NSE,5.0
4458,3565,EQUIPPP-BL,EQUIPPP,,-1.0,1,,NSE,5.0
4467,1627,LINDEINDIA-EQ,LINDEINDIA,,-1.0,1,,NSE,5.0
4468,1949,KSB-EQ,KSB,,-1.0,1,,NSE,5.0
4471,2328,CPSEETF-EQ,CPSEETF,,-1.0,1,,NSE,1.0
4474,18029,MBLINFRA-EQ,MBLINFRA,,-1.0,1,,NSE,5.0
4475,4525,DYNAMATECH-EQ,DYNAMATECH,,-1.0,1,,NSE,5.0
4484,6006,COASTCORP-EQ,COASTCORP,,-1.0,1,,NSE,5.0
4499,3484,TIL-EQ,TIL,,-1.0,1,,NSE,5.0
4502,21254,ICICILOVOL-EQ,ICICILOVOL,,-1.0,1,,NSE,1.0
4507,6568,LAXMICOT-EQ,LAXMICOT,,-1.0,1,,NSE,5.0
4511,17881,DBCORP-EQ,DBCORP,,-1.0,1,,NSE,5.0
4513,16807,LOTUSEYE-EQ,LOTUSEYE,,-1.0,1,,NSE,5.0
4515,3646,VARDMNPOLY-EQ,VARDMNPOLY,,-1.0,1,,NSE,5.0
4517,18252,SPAL-EQ,SPAL,,-1.0,1,,NSE,5.0
4523,16675,BAJAJFINSV-EQ,BAJAJFINSV,,-1.0,1,,NSE,5.0
4533,15342,SHALPAINTS-EQ,SHALPAINTS,,-1.0,1,,NSE,5.0
4538,4953,ADROITINFO-EQ,ADROITINFO,,-1.0,1,,NSE,5.0
4544,21770,ICICIGI-EQ,ICICIGI,,-1.0,1,,NSE,5.0
4547,11647,KOTARISUG-EQ,KOTARISUG,,-1.0,1,,NSE,5.0
4550,17424,GLOBUSSPR-EQ,GLOBUSSPR,,-1.0,1,,NSE,5.0
4553,14788,SPARC-EQ,SPARC,,-1.0,1,,NSE,5.0
4556,3608,AXISHCETF-EQ,AXISHCETF,,-1.0,1,,NSE,1.0
4557,16933,INDBANK-EQ,INDBANK,,-1.0,1,,NSE,5.0
4566,2202,MIRCELECTR-EQ,MIRCELECTR,,-1.0,1,,NSE,5.0
4567,2969,SAKHTISUG-EQ,SAKHTISUG,,-1.0,1,,NSE,5.0
4571,8591,AKSHOPTFBR-EQ,AKSHOPTFBR,,-1.0,1,,NSE,5.0
4579,18497,SABEVENTS-EQ,SABEVENTS,,-1.0,1,,NSE,5.0
4582,3273,SRF-EQ,SRF,,-1.0,1,,NSE,5.0
4587,16725,RPGLIFE-EQ,RPGLIFE,,-1.0,1,,NSE,5.0
4598,18908,PNBHOUSING-EQ,PNBHOUSING,,-1.0,1,,NSE,5.0
4603,20532,AXISGOLD-EQ,AXISGOLD,,-1.0,1,,NSE,1.0
4609,25,ADANIENT-EQ,ADANIENT,,-1.0,1,,NSE,5.0
4610,7672,IMAGICAA-EQ,IMAGICAA,,-1.0,1,,NSE,5.0
4611,128,ROUTE-EQ,ROUTE,,-1.0,1,,NSE,5.0
4613,9576,MAHESHWARI-EQ,MAHESHWARI,,-1.0,1,,NSE,5.0
4617,2496,ORIENTPPR-EQ,ORIENTPPR,,-1.0,1,,NSE,5.0
4622,4749,CONCOR-EQ,CONCOR,,-1.0,1,,NSE,5.0
4634,15002,SUPREMEINF-EQ,SUPREMEINF,,-1.0,1,,NSE,5.0
4640,15007,MANGCHEFER-EQ,MANGCHEFER,,-1.0,1,,NSE,5.0
4641,1630,IONEXCHANG-EQ,IONEXCHANG,,-1.0,1,,NSE,5.0
4646,1363,HINDALCO-EQ,HINDALCO,,-1.0,1,,NSE,5.0
4647,11999,FCSSOFT-EQ,FCSSOFT,,-1.0,1,,NSE,5.0
4652,7177,RATEGAIN-EQ,RATEGAIN,,-1.0,1,,NSE,5.0
4655,1879,ACRYSIL-EQ,ACRYSIL,,-1.0,1,,NSE,5.0
4659,8840,USHAMART-EQ,USHAMART,,-1.0,1,,NSE,5.0
4667,14917,TAKE-EQ,TAKE,,-1.0,1,,NSE,5.0
4670,10415,MUTHOOTCAP-EQ,MUTHOOTCAP,,-1.0,1,,NSE,5.0
4671,399,NIACL-EQ,NIACL,,-1.0,1,,NSE,5.0
4672,15209,PPAP-EQ,PPAP,,-1.0,1,,NSE,5.0
4687,11654,LALPATHLAB-EQ,LALPATHLAB,,-1.0,1,,NSE,5.0
4688,11909,SWELECTES-EQ,SWELECTES,,-1.0,1,,NSE,5.0
4690,24409,DHANUKA-EQ,DHANUKA,,-1.0,1,,NSE,5.0
4693,5394,MOL-EQ,MOL,,-1.0,1,,NSE,5.0
4697,14672,NAVINFLUOR-EQ,NAVINFLUOR,,-1.0,1,,NSE,5.0
4698,40,AEGISCHEM-EQ,AEGISCHEM,,-1.0,1,,NSE,5.0
4703,5068,SHEMAROO-EQ,SHEMAROO,,-1.0,1,,NSE,5.0
4705,12148,VIKASPROP-EQ,VIKASPROP,,-1.0,1,,NSE,5.0
4715,1333,HDFCBANK-EQ,HDFCBANK,,-1.0,1,,NSE,5.0
4729,7083,STARHEALTH-EQ,STARHEALTH,,-1.0,1,,NSE,5.0
4731,13565,RAMANEWS-EQ,RAMANEWS,,-1.0,1,,NSE,5.0
4733,10990,RADICO-EQ,RADICO,,-1.0,1,,NSE,5.0
4736,3908,PREMIERPOL-EQ,PREMIERPOL,,-1.0,1,,NSE,5.0
4740,20425,NACLIND-EQ,NACLIND,,-1.0,1,,NSE,5.0
4747,347,BANARBEADS-EQ,BANARBEADS,,-1.0,1,,NSE,5.0
4748,11677,INDOCO-EQ,INDOCO,,-1.0,1,,NSE,5.0
4749,16921,20MICRONS-EQ,20MICRONS,,-1.0,1,,NSE,5.0
4750,1530,INDIANHUME-EQ,INDIANHUME,,-1.0,1,,NSE,5.0
4756,18378,FRETAIL-EQ,FRETAIL,,-1.0,1,,NSE,5.0
4764,13643,ELECON-EQ,ELECON,,-1.0,1,,NSE,5.0
4773,16986,COUNCODOS-EQ,COUNCODOS,,-1.0,1,,NSE,5.0
4774,14398,AMDIND-EQ,AMDIND,,-1.0,1,,NSE,5.0
4775,1808,KAJARIACER-EQ,KAJARIACER,,-1.0,1,,NSE,5.0
4778,14793,MEGASOFT-EQ,MEGASOFT,,-1.0,1,,NSE,5.0
4780,17875,GODREJPROP-EQ,GODREJPROP,,-1.0,1,,NSE,5.0
4784,335,BALKRISIND-EQ,BALKRISIND,,-1.0,1,,NSE,5.0
4787,25190,TECHIN-EQ,TECHIN,,-1.0,1,,NSE,5.0
4788,4957,GANGAFORGE-EQ,GANGAFORGE,,-1.0,1,,NSE,5.0
4790,2439,NKIND-EQ,NKIND,,-1.0,1,,NSE,5.0
4791,11880,JSWHL-EQ,JSWHL,,-1.0,1,,NSE,5.0
4795,6385,CCHHL-EQ,CCHHL,,-1.0,1,,NSE,5.0
4796,11975,RML-EQ,RML,,-1.0,1,,NSE,5.0
4805,17651,POKARNA-EQ,POKARNA,,-1.0,1,,NSE,5.0
4814,16900,DPWIRES-EQ,DPWIRES,,-1.0,1,,NSE,5.0
4815,14218,CTE-EQ,CTE,,-1.0,1,,NSE,5.0
4823,13859,VENUSREM-EQ,VENUSREM,,-1.0,1,,NSE,5.0
4833,1145,GIPCL-EQ,GIPCL,,-1.0,1,,NSE,5.0
4838,201,UNIDT-EQ,UNIDT,,-1.0,1,,NSE,5.0
4841,2124,MASTEK-EQ,MASTEK,,-1.0,1,,NSE,5.0
4849,2829,ANURAS-EQ,ANURAS,,-1.0,1,,NSE,5.0
4850,14557,AROGRANITE-EQ,AROGRANITE,,-1.0,1,,NSE,5.0
4852,4037,AUSOMENT-EQ,AUSOMENT,,-1.0,1,,NSE,5.0
4853,21314,DYNPRO-EQ,DYNPRO,,-1.0,1,,NSE,5.0
4861,350,BANARISUG-EQ,BANARISUG,,-1.0,1,,NSE,5.0
4862,15266,JKIL-EQ,JKIL,,-1.0,1,,NSE,5.0
4864,1232,GRASIM-EQ,GRASIM,,-1.0,1,,NSE,5.0
4865,7200,SHRIRAMPPS-EQ,SHRIRAMPPS,,-1.0,1,,NSE,5.0
4867,11618,ASTRAMICRO-EQ,ASTRAMICRO,,-1.0,1,,NSE,5.0
4869,31163,RHIM-EQ,RHIM,,-1.0,1,,NSE,5.0
4871,2841,LXCHEM-EQ,LXCHEM,,-1.0,1,,NSE,5.0
4874,14304,FSL-EQ,FSL,,-1.0,1,,NSE,5.0
4881,3563,ADANIGREEN-EQ,ADANIGREEN,,-1.0,1,,NSE,5.0
4883,2493,ORIENTHOT-EQ,ORIENTHOT,,-1.0,1,,NSE,5.0
4887,3761,RITES-EQ,RITES,,-1.0,1,,NSE,5.0
4890,7553,NRBBEARING-EQ,NRBBEARING,,-1.0,1,,NSE,5.0
4893,9436,AXISCADES-EQ,AXISCADES,,-1.0,1,,NSE,5.0
4894,24184,PIIND-EQ,PIIND,,-1.0,1,,NSE,5.0
4903,18049,MINDTECK-EQ,MINDTECK,,-1.0,1,,NSE,5.0
4904,2412,PEL-EQ,PEL,,-1.0,1,,NSE,5.0
4905,6994,BSOFT-EQ,BSOFT,,-1.0,1,,NSE,5.0
4906,714,SHALBY-EQ,SHALBY,,-1.0,1,,NSE,5.0
4918,13175,NITINSPIN-EQ,NITINSPIN,,-1.0,1,,NSE,5.0
4919,7109,JMA-EQ,JMA,,-1.0,1,,NSE,5.0
4920,17632,COMPINFO-EQ,COMPINFO,,-1.0,1,,NSE,5.0
4925,4992,SHARDACROP-EQ,SHARDACROP,,-1.0,1,,NSE,5.0
4930,11655,JBMA-EQ,JBMA,,-1.0,1,,NSE,5.0
4933,11971,GOLDIAM-EQ,GOLDIAM,,-1.0,1,,NSE,5.0
4934,24231,OMINFRAL-EQ,OMINFRAL,,-1.0,1,,NSE,5.0
4938,5948,SOUTHBANK-EQ,SOUTHBANK,,-1.0,1,,NSE,5.0
4939,5926,INTELLECT-EQ,INTELLECT,,-1.0,1,,NSE,5.0
4941,21840,DIAMONDYD-EQ,DIAMONDYD,,-1.0,1,,NSE,5.0
4947,11671,PRESSMN-EQ,PRESSMN,,-1.0,1,,NSE,5.0
4952,2294,MTNL-EQ,MTNL,,-1.0,1,,NSE,5.0
4959,3423,TATAMETALI-EQ,TATAMETALI,,-1.0,1,,NSE,5.0
4963,4598,HERITGFOOD-EQ,HERITGFOOD,,-1.0,1,,NSE,5.0
4965,822,BANKA-EQ,BANKA,,-1.0,1,,NSE,5.0
4966,30752,FLFL-EQ,FLFL,,-1.0,1,,NSE,5.0
4979,8866,CHOICEIN-EQ,CHOICEIN,,-1.0,1,,NSE,5.0
4980,11491,APARINDS-EQ,APARINDS,,-1.0,1,,NSE,5.0
4981,13577,VOLTAMP-EQ,VOLTAMP,,-1.0,1,,NSE,5.0
4989,19401,BOROLTD-EQ,BOROLTD,,-1.0,1,,NSE,5.0
4995,18142,EMMBI-EQ,EMMBI,,-1.0,1,,NSE,5.0
4997,4105,SILINV-EQ,SILINV,,-1.0,1,,NSE,5.0
5005,22277,WORTH-EQ,WORTH,,-1.0,1,,NSE,5.0
5006,17851,DLINKINDIA-EQ,DLINKINDIA,,-1.0,1,,NSE,5.0
5010,13870,KUANTUM-EQ,KUANTUM,,-1.0,1,,NSE,5.0
5020,10726,INDIAMART-EQ,INDIAMART,,-1.0,1,,NSE,5.0
5022,19097,SILLYMONKS-EQ,SILLYMONKS,,-1.0,1,,NSE,5.0
5025,1476,IDBI-EQ,IDBI,,-1.0,1,,NSE,5.0
5027,1720,JAYSREETEA-EQ,JAYSREETEA,,-1.0,1,,NSE,5.0
5030,1465,ACCURACY-EQ,ACCURACY,,-1.0,1,,NSE,5.0
5036,18659,MARATHON-EQ,MARATHON,,-1.0,1,,NSE,5.0
5041,1142,GINNIFILA-EQ,GINNIFILA,,-1.0,1,,NSE,5.0
5047,694,CIPLA-EQ,CIPLA,,-1.0,1,,NSE,5.0
5050,9385,PNCINFRA-EQ,PNCINFRA,,-1.0,1,,NSE,5.0
5051,15330,QGOLDHALF-EQ,QGOLDHALF,,-1.0,1,,NSE,1.0
5053,11905,GENUSPOWER-EQ,GENUSPOWER,,-1.0,1,,NSE,5.0
5056,9422,SILVERTUC-EQ,SILVERTUC,,-1.0,1,,NSE,5.0
5057,19913,DMART-EQ,DMART,,-1.0,1,,NSE,5.0
5058,13491,JKLAKSHMI-EQ,JKLAKSHMI,,-1.0,1,,NSE,5.0
5061,509,MAZDOCK-EQ,MAZDOCK,,-1.0,1,,NSE,5.0
5068,17752,SHILPAMED-EQ,SHILPAMED,,-1.0,1,,NSE,5.0
5070,8657,DIL-EQ,DIL,,-1.0,1,,NSE,5.0
5072,5382,MFL-EQ,MFL,,-1.0,1,,NSE,5.0
5074,19556,BHANDARI-EQ,BHANDARI,,-1.0,1,,NSE,5.0
5077,7353,SETFNN50-EQ,SETFNN50,,-1.0,1,,NSE,1.0
5078,21001,PSB-EQ,PSB,,-1.0,1,,NSE,5.0
5079,2112,MARALOVER-EQ,MARALOVER,,-1.0,1,,NSE,5.0
5082,1494,RBA-EQ,RBA,,-1.0,1,,NSE,5.0
5084,6422,MANORG-EQ,MANORG,,-1.0,1,,NSE,5.0
5089,17999,UNITEDTEA-EQ,UNITEDTEA,,-1.0,1,,NSE,5.0
5090,19299,ITDC-EQ,ITDC,,-1.0,1,,NSE,5.0
5099,742,COSMOFILMS-EQ,COSMOFILMS,,-1.0,1,,NSE,5.0
5101,21252,AXISNIFTY-EQ,AXISNIFTY,,-1.0,1,,NSE,1.0
5114,19800,WELINV-EQ,WELINV,,-1.0,1,,NSE,5.0
5122,8080,SILVERBEES-EQ,SILVERBEES,,-1.0,1,,NSE,1.0
5123,7927,AGSTRA-EQ,AGSTRA,,-1.0,1,,NSE,5.0
5134,3048,SCI-EQ,SCI,,-1.0,1,,NSE,5.0
5137,17801,LSIL-EQ,LSIL,,-1.0,1,,NSE,5.0
5139,9117,TIPSINDLTD-EQ,TIPSINDLTD,,-1.0,1,,NSE,5.0
5145,3506,TITAN-EQ,TITAN,,-1.0,1,,NSE,5.0
5148,9678,SOUTHWEST-EQ,SOUTHWEST,,-1.0,1,,NSE,5.0
5151,13620,ANANTRAJ-EQ,ANANTRAJ,,-1.0,1,,NSE,5.0
5153,20621,PENIND-EQ,PENIND,,-1.0,1,,NSE,5.0
5157,4898,FDC-EQ,FDC,,-1.0,1,,NSE,5.0
5161,11919,MSPL-EQ,MSPL,,-1.0,1,,NSE,5.0
5162,8119,RPSGVENT-EQ,RPSGVENT,,-1.0,1,,NSE,5.0
5167,16863,LPDC-EQ,LPDC,,-1.0,1,,NSE,5.0
5168,14445,NAHARPOLY-EQ,NAHARPOLY,,-1.0,1,,NSE,5.0
5178,5501,YUKEN-EQ,YUKEN,,-1.0,1,,NSE,5.0
5179,11705,XCHANGING-EQ,XCHANGING,,-1.0,1,,NSE,5.0
5181,17181,MANXT50-EQ,MANXT50,,-1.0,1,,NSE,1.0
5186,11037,ICICIBANKN-EQ,ICICIBANKN,,-1.0,1,,NSE,1.0
5192,18371,NDGL-EQ,NDGL,,-1.0,1,,NSE,5.0
5197,20182,ASHOKA-EQ,ASHOKA,,-1.0,1,,NSE,5.0
5203,15184,BRIGADE-EQ,BRIGADE,,-1.0,1,,NSE,5.0
5206,3002,WONDERLA-EQ,WONDERLA,,-1.0,1,,NSE,5.0
5209,21740,CHOLAHLDNG-EQ,CHOLAHLDNG,,-1.0,1,,NSE,5.0
5211,1348,HEROMOTOCO-EQ,HEROMOTOCO,,-1.0,1,,NSE,5.0
5213,19234,LAURUSLABS-EQ,LAURUSLABS,,-1.0,1,,NSE,5.0
5214,3980,TNPL-EQ,TNPL,,-1.0,1,,NSE,5.0
5217,2031,M&M-EQ,M&M,,-1.0,1,,NSE,5.0
5219,1581,TARC-EQ,TARC,,-1.0,1,,NSE,5.0
5220,3827,ZUARIGLOB-EQ,ZUARIGLOB,,-1.0,1,,NSE,5.0
5222,7390,SUPRIYA-EQ,SUPRIYA,,-1.0,1,,NSE,5.0
5225,18096,JUBLFOOD-EQ,JUBLFOOD,,-1.0,1,,NSE,5.0
5230,625,CENTURYTEX-EQ,CENTURYTEX,,-1.0,1,,NSE,5.0
5231,6543,GRPLTD-EQ,GRPLTD,,-1.0,1,,NSE,5.0
5233,181,ARENTERP-EQ,ARENTERP,,-1.0,1,,NSE,5.0
5234,13656,ALICON-EQ,ALICON,,-1.0,1,,NSE,5.0
5237,5143,JAICORPLTD-EQ,JAICORPLTD,,-1.0,1,,NSE,5.0
5238,17794,SOMICONVEY-EQ,SOMICONVEY,,-1.0,1,,NSE,5.0
5240,19233,AARTISURF-EQ,AARTISURF,,-1.0,1,,NSE,5.0
5241,5957,BSLSENETFG-EQ,BSLSENETFG,,-1.0,1,,NSE,1.0
5242,21484,STEL-EQ,STEL,,-1.0,1,,NSE,5.0
5246,16123,BHARATWIRE-EQ,BHARATWIRE,,-1.0,1,,NSE,5.0
5248,13381,KKCL-EQ,KKCL,,-1.0,1,,NSE,5.0
5251,1235,GREAVESCOT-EQ,GREAVESCOT,,-1.0,1,,NSE,5.0
5252,3316,MODISNME-EQ,MODISNME,,-1.0,1,,NSE,5.0
5253,1330,HDFC-EQ,HDFC,,-1.0,1,,NSE,5.0
5257,31409,MTEDUCARE-EQ,MTEDUCARE,,-1.0,1,,NSE,5.0
5261,2987,NAZARA-EQ,NAZARA,,-1.0,1,,NSE,5.0
5278,20242,OBEROIRLTY-EQ,OBEROIRLTY,,-1.0,1,,NSE,5.0
5280,13976,TANLA-EQ,TANLA,,-1.0,1,,NSE,5.0
5284,2435,CONSUMBEES-EQ,CONSUMBEES,,-1.0,1,,NSE,1.0
5286,2073,VTL-EQ,VTL,,-1.0,1,,NSE,5.0
5289,474,3MINDIA-EQ,3MINDIA,,-1.0,1,,NSE,5.0
5297,14511,BANSWRAS-EQ,BANSWRAS,,-1.0,1,,NSE,5.0
5307,18822,ENDURANCE-EQ,ENDURANCE,,-1.0,1,,NSE,5.0
5308,13352,MALUPAPER-EQ,MALUPAPER,,-1.0,1,,NSE,5.0
5313,8075,DALBHARAT-EQ,DALBHARAT,,-1.0,1,,NSE,5.0
5314,7358,DATAPATTNS-EQ,DATAPATTNS,,-1.0,1,,NSE,5.0
5316,34,ADORWELD-EQ,ADORWELD,,-1.0,1,,NSE,5.0
5318,27303,SEPOWER-EQ,SEPOWER,,-1.0,1,,NSE,5.0
5330,3324,SUBROS-EQ,SUBROS,,-1.0,1,,NSE,5.0
5335,5264,PDSL-EQ,PDSL,,-1.0,1,,NSE,5.0
5339,4717,GAIL-EQ,GAIL,,-1.0,1,,NSE,5.0
5343,5428,TRIGYN-EQ,TRIGYN,,-1.0,1,,NSE,5.0
5344,10791,NUCLEUS-EQ,NUCLEUS,,-1.0,1,,NSE,5.0
5345,24999,YAARI-EQ,YAARI,,-1.0,1,,NSE,5.0
5347,22344,ICICIALPLV-EQ,ICICIALPLV,,-1.0,1,,NSE,1.0
5350,8944,RITCO-EQ,RITCO,,-1.0,1,,NSE,5.0
5354,1482,IFBAGRO-EQ,IFBAGRO,,-1.0,1,,NSE,5.0
5356,20698,SCHAND-EQ,SCHAND,,-1.0,1,,NSE,5.0
5358,20413,IOLCP-EQ,IOLCP,,-1.0,1,,NSE,5.0
5361,1639,TATASTLLP-EQ,TATASTLLP,,-1.0,1,,NSE,5.0
5366,11050,SIRCA-EQ,SIRCA,,-1.0,1,,NSE,5.0
5370,4433,HITECHGEAR-EQ,HITECHGEAR,,-1.0,1,,NSE,5.0
5371,1038,FINCABLES-EQ,FINCABLES,,-1.0,1,,NSE,5.0
5372,20776,BHAGYANGR-EQ,BHAGYANGR,,-1.0,1,,NSE,5.0
5375,18931,SUNDARAM-EQ,SUNDARAM,,-1.0,1,,NSE,5.0
5379,4040,EIMCOELECO-EQ,EIMCOELECO,,-1.0,1,,NSE,5.0
5380,20071,INTENTECH-EQ,INTENTECH,,-1.0,1,,NSE,5.0
5381,21332,BHAGYAPROP-EQ,BHAGYAPROP,,-1.0,1,,NSE,5.0
5383,2354,KBCGLOBAL-EQ,KBCGLOBAL,,-1.0,1,,NSE,5.0
5385,14501,BALAMINES-EQ,BALAMINES,,-1.0,1,,NSE,5.0
5388,13192,ENIL-EQ,ENIL,,-1.0,1,,NSE,5.0
5389,20323,RESPONIND-EQ,RESPONIND,,-1.0,1,,NSE,5.0
5392,3149,BORORENEW-EQ,BORORENEW,,-1.0,1,,NSE,5.0
5393,2854,CRAFTSMAN-EQ,CRAFTSMAN,,-1.0,1,,NSE,5.0
5395,48,HAPPSTMNDS-EQ,HAPPSTMNDS,,-1.0,1,,NSE,5.0
5396,22,ACC-EQ,ACC,,-1.0,1,,NSE,5.0
5398,25340,VASWANI-EQ,VASWANI,,-1.0,1,,NSE,5.0
5399,11184,IDFCFIRSTB-EQ,IDFCFIRSTB,,-1.0,1,,NSE,5.0
5400,11220,VARDHACRLC-EQ,VARDHACRLC,,-1.0,1,,NSE,5.0
5406,13457,KAMDHENU-EQ,KAMDHENU,,-1.0,1,,NSE,5.0
5407,10447,MCDOWELL-N-EQ,MCDOWELL-N,,-1.0,1,,NSE,5.0
5412,8182,MOMOMENTUM-EQ,MOMOMENTUM,,-1.0,1,,NSE,1.0
5416,11387,UMANGDAIRY-EQ,UMANGDAIRY,,-1.0,1,,NSE,5.0
5424,24948,L&TFH-EQ,L&TFH,,-1.0,1,,NSE,5.0
5434,206,ASHIMASYN-EQ,ASHIMASYN,,-1.0,1,,NSE,5.0
5436,22282,TIRUPATIFL-EQ,TIRUPATIFL,,-1.0,1,,NSE,5.0
5439,17922,GEEKAYWIRE-EQ,GEEKAYWIRE,,-1.0,1,,NSE,5.0
5441,11896,GEOJITFSL-EQ,GEOJITFSL,,-1.0,1,,NSE,5.0
5442,12173,HNDFDS-EQ,HNDFDS,,-1.0,1,,NSE,5.0
5445,8304,PRITI-EQ,PRITI,,-1.0,1,,NSE,5.0
5446,7361,SETFNIFBK-EQ,SETFNIFBK,,-1.0,1,,NSE,1.0
5449,12009,IMPAL-EQ,IMPAL,,-1.0,1,,NSE,5.0
5461,14299,PFC-EQ,PFC,,-1.0,1,,NSE,5.0
5466,9408,RAINBOW-EQ,RAINBOW,,-1.0,1,,NSE,5.0
5472,15219,PATINTLOG-EQ,PATINTLOG,,-1.0,1,,NSE,5.0
5474,11155,CREATIVE-EQ,CREATIVE,,-1.0,1,,NSE,5.0
5475,1139,GICHSGFIN-EQ,GICHSGFIN,,-1.0,1,,NSE,5.0
5478,6663,SIGACHI-EQ,SIGACHI,,-1.0,1,,NSE,5.0
5480,6848,GREENLAM-EQ,GREENLAM,,-1.0,1,,NSE,5.0
5487,15308,SEPC-EQ,SEPC,,-1.0,1,,NSE,5.0
5493,3384,SWARAJENG-EQ,SWARAJENG,,-1.0,1,,NSE,5.0
5495,18562,MITTAL-EQ,MITTAL,,-1.0,1,,NSE,5.0
5496,5938,MONTECARLO-EQ,MONTECARLO,,-1.0,1,,NSE,5.0
5497,14618,CHEMBOND-EQ,CHEMBOND,,-1.0,1,,NSE,5.0
5498,14712,HGS-EQ,HGS,,-1.0,1,,NSE,5.0
5500,18391,RBLBANK-EQ,RBLBANK,,-1.0,1,,NSE,5.0
5501,7339,ABSLNN50ET-EQ,ABSLNN50ET,,-1.0,1,,NSE,1.0
5514,12847,KRISHANA-EQ,KRISHANA,,-1.0,1,,NSE,5.0
5516,17534,MGL-EQ,MGL,,-1.0,1,,NSE,5.0
5521,4344,PUNJABCHEM-EQ,PUNJABCHEM,,-1.0,1,,NSE,5.0
5526,2918,ROLTA-EQ,ROLTA,,-1.0,1,,NSE,5.0
5530,10700,SURANAT&P-EQ,SURANAT&P,,-1.0,1,,NSE,5.0
5531,17903,ABBOTINDIA-EQ,ABBOTINDIA,,-1.0,1,,NSE,5.0
5532,12052,WINPRO-EQ,WINPRO,,-1.0,1,,NSE,5.0
5536,9599,DELHIVERY-EQ,DELHIVERY,,-1.0,1,,NSE,5.0
5538,21623,APEX-EQ,APEX,,-1.0,1,,NSE,5.0
5539,18571,GNA-EQ,GNA,,-1.0,1,,NSE,5.0
5544,19126,KIOCL-EQ,KIOCL,,-1.0,1,,NSE,5.0
5554,21713,LASA-EQ,LASA,,-1.0,1,,NSE,5.0
5556,8833,BCG-EQ,BCG,,-1.0,1,,NSE,5.0
5567,18292,IVZINGOLD-EQ,IVZINGOLD,,-1.0,1,,NSE,5.0
5570,8696,VRLLOG-EQ,VRLLOG,,-1.0,1,,NSE,5.0
5574,2406,NEULANDLAB-EQ,NEULANDLAB,,-1.0,1,,NSE,5.0
5576,8596,MSUMI-EQ,MSUMI,,-1.0,1,,NSE,5.0
5579,15228,UJJIVANSFB-EQ,UJJIVANSFB,,-1.0,1,,NSE,5.0
5581,15883,SHIL-EQ,SHIL,,-1.0,1,,NSE,5.0
5584,20321,SHANKARA-EQ,SHANKARA,,-1.0,1,,NSE,5.0
5587,13801,SUTLEJTEX-EQ,SUTLEJTEX,,-1.0,1,,NSE,5.0
5590,24870,INVENTURE-EQ,INVENTURE,,-1.0,1,,NSE,5.0
5591,5097,ZOMATO-EQ,ZOMATO,,-1.0,1,,NSE,5.0
5595,11403,POONAWALLA-EQ,POONAWALLA,,-1.0,1,,NSE,5.0
5596,8998,MRO-TEK-EQ,MRO-TEK,,-1.0,1,,NSE,5.0
5602,2283,MRPL-EQ,MRPL,,-1.0,1,,NSE,5.0
5603,11829,SSWL-EQ,SSWL,,-1.0,1,,NSE,5.0
5607,17764,REFEX-EQ,REFEX,,-1.0,1,,NSE,5.0
5612,2048,INDIGOPNTS-EQ,INDIGOPNTS,,-1.0,1,,NSE,5.0
5617,21551,SMSLIFE-EQ,SMSLIFE,,-1.0,1,,NSE,5.0
5620,20203,URJA-EQ,URJA,,-1.0,1,,NSE,5.0
5627,7425,HECPROJECT-EQ,HECPROJECT,,-1.0,1,,NSE,5.0
5635,7560,UNITEDPOLY-EQ,UNITEDPOLY,,-1.0,1,,NSE,5.0
5640,11809,IIFL-EQ,IIFL,,-1.0,1,,NSE,5.0
5643,2481,ONWARDTEC-EQ,ONWARDTEC,,-1.0,1,,NSE,5.0
5644,1570,GMMPFAUDLR-EQ,GMMPFAUDLR,,-1.0,1,,NSE,5.0
5646,12716,TEAMLEASE-EQ,TEAMLEASE,,-1.0,1,,NSE,5.0
5651,8342,ICICI5GSEC-EQ,ICICI5GSEC,,-1.0,1,,NSE,1.0
5658,10453,SATIN-EQ,SATIN,,-1.0,1,,NSE,5.0
5660,12026,RENUKA-EQ,RENUKA,,-1.0,1,,NSE,5.0
5665,9014,ANUP-EQ,ANUP,,-1.0,1,,NSE,5.0
5666,3292,DEEPINDS-EQ,DEEPINDS,,-1.0,1,,NSE,5.0
5667,19447,CAPTRUST-EQ,CAPTRUST,,-1.0,1,,NSE,5.0
5668,21462,SPTL-EQ,SPTL,,-1.0,1,,NSE,5.0
5672,740,SBIETFIT-EQ,SBIETFIT,,-1.0,1,,NSE,1.0
5676,19599,PRAKASHSTL-EQ,PRAKASHSTL,,-1.0,1,,NSE,5.0
5680,21951,HFCL-EQ,HFCL,,-1.0,1,,NSE,5.0
5685,2188,GENCON-EQ,GENCON,,-1.0,1,,NSE,5.0
5688,15244,KAVVERITEL-EQ,KAVVERITEL,,-1.0,1,,NSE,5.0
5692,18863,VERTOZ-EQ,VERTOZ,,-1.0,1,,NSE,5.0
5694,2183,SUNDARMHLD-EQ,SUNDARMHLD,,-1.0,1,,NSE,5.0
5696,2794,RSWM-EQ,RSWM,,-1.0,1,,NSE,5.0
5697,14134,PITTIENG-EQ,PITTIENG,,-1.0,1,,NSE,5.0
5700,11027,INFOBEAN-EQ,INFOBEAN,,-1.0,1,,NSE,5.0
5701,3435,BBOX-EQ,BBOX,,-1.0,1,,NSE,5.0
5702,17722,DEN-EQ,DEN,,-1.0,1,,NSE,5.0
5712,14838,DECCANCE-EQ,DECCANCE,,-1.0,1,,NSE,5.0
5713,21131,TEJASNET-EQ,TEJASNET,,-1.0,1,,NSE,5.0
5719,7451,DSPN50ETF-EQ,DSPN50ETF,,-1.0,1,,NSE,1.0
5725,14423,LAOPALA-EQ,LAOPALA,,-1.0,1,,NSE,5.0
5733,9897,AIRAN-EQ,AIRAN,,-1.0,1,,NSE,5.0
5740,1442,SANOFI-EQ,SANOFI,,-1.0,1,,NSE,5.0
5742,27095,SWANENERGY-EQ,SWANENERGY,,-1.0,1,,NSE,5.0
5749,15141,COLPAL-EQ,COLPAL,,-1.0,1,,NSE,5.0
5761,305,BAJAJHLDNG-EQ,BAJAJHLDNG,,-1.0,1,,NSE,5.0
5764,5313,UGROCAP-EQ,UGROCAP,,-1.0,1,,NSE,5.0
5765,2837,RANASUG-EQ,RANASUG,,-1.0,1,,NSE,5.0
5766,1110,DANGEE-EQ,DANGEE,,-1.0,1,,NSE,5.0
5776,2708,PRAKASH-EQ,PRAKASH,,-1.0,1,,NSE,5.0
5778,16927,JOCIL-EQ,JOCIL,,-1.0,1,,NSE,5.0
5779,24595,RUSHIL-EQ,RUSHIL,,-1.0,1,,NSE,5.0
5781,14537,DISHTV-EQ,DISHTV,,-1.0,1,,NSE,5.0
5796,15355,RECLTD-EQ,RECLTD,,-1.0,1,,NSE,5.0
5807,14019,TIDEWATER-EQ,TIDEWATER,,-1.0,1,,NSE,5.0
5808,22377,MAXHEALTH-EQ,MAXHEALTH,,-1.0,1,,NSE,5.0
5810,18284,HNGSNGBEES-EQ,HNGSNGBEES,,-1.0,1,,NSE,1.0
5814,9939,ONEPOINT-EQ,ONEPOINT,,-1.0,1,,NSE,5.0
5817,16713,UBL-EQ,UBL,,-1.0,1,,NSE,5.0
5822,2636,DIVOPPBEES-EQ,DIVOPPBEES,,-1.0,1,,NSE,1.0
5826,31181,MCX-EQ,MCX,,-1.0,1,,NSE,5.0
5830,25584,TRITURBINE-EQ,TRITURBINE,,-1.0,1,,NSE,5.0
5833,18581,KIRLOSBROS-EQ,KIRLOSBROS,,-1.0,1,,NSE,5.0
5836,7325,DCMSRIND-EQ,DCMSRIND,,-1.0,1,,NSE,5.0
5840,6792,SBC-EQ,SBC,,-1.0,1,,NSE,5.0
5842,20830,MOIL-EQ,MOIL,,-1.0,1,,NSE,5.0
5845,3553,EQUIPPP-BE,EQUIPPP,,-1.0,1,,NSE,5.0
5847,15384,DHANI-EQ,DHANI,,-1.0,1,,NSE,5.0
5848,14972,KSCL-EQ,KSCL,,-1.0,1,,NSE,5.0
5850,9750,ETHOSLTD-EQ,ETHOSLTD,,-1.0,1,,NSE,5.0
5858,7880,AUTOBEES-EQ,AUTOBEES,,-1.0,1,,NSE,1.0
5861,21339,STEELXIND-EQ,STEELXIND,,-1.0,1,,NSE,5.0
5864,13880,BANCOINDIA-EQ,BANCOINDIA,,-1.0,1,,NSE,5.0
5871,3965,REMSONSIND-EQ,REMSONSIND,,-1.0,1,,NSE,5.0
5876,18011,WHIRLPOOL-EQ,WHIRLPOOL,,-1.0,1,,NSE,5.0
5880,11364,VAIBHAVGBL-EQ,VAIBHAVGBL,,-1.0,1,,NSE,5.0
5883,2289,HLEGLAS-EQ,HLEGLAS,,-1.0,1,,NSE,5.0
5885,15129,RGL-EQ,RGL,,-1.0,1,,NSE,5.0
5886,18992,PIONDIST-EQ,PIONDIST,,-1.0,1,,NSE,5.0
5890,18520,CUPID-EQ,CUPID,,-1.0,1,,NSE,5.0
5893,1628,BECTORFOOD-EQ,BECTORFOOD,,-1.0,1,,NSE,5.0
5894,13761,BBL-EQ,BBL,,-1.0,1,,NSE,5.0
5896,24969,WINDMACHIN-EQ,WINDMACHIN,,-1.0,1,,NSE,5.0
5902,1593,MGEL-EQ,MGEL,,-1.0,1,,NSE,5.0
5914,27107,SPECIALITY-EQ,SPECIALITY,,-1.0,1,,NSE,5.0
5915,5192,KOVAI-EQ,KOVAI,,-1.0,1,,NSE,5.0
5917,3744,FINEORG-EQ,FINEORG,,-1.0,1,,NSE,5.0
5920,404,BERGEPAINT-EQ,BERGEPAINT,,-1.0,1,,NSE,5.0
5926,19877,RADIOCITY-EQ,RADIOCITY,,-1.0,1,,NSE,5.0
5928,4306,SRTRANSFIN-EQ,SRTRANSFIN,,-1.0,1,,NSE,5.0
5930,1375,HCC-EQ,HCC,,-1.0,1,,NSE,5.0
5932,3237,JTEKTINDIA-EQ,JTEKTINDIA,,-1.0,1,,NSE,5.0
5947,25684,JISLDVREQS-EQ,JISLDVREQS,,-1.0,1,,NSE,5.0
5956,4892,SAREGAMA-EQ,SAREGAMA,,-1.0,1,,NSE,5.0
5959,5631,PAR-EQ,PAR,,-1.0,1,,NSE,5.0
5962,19133,CMICABLES-EQ,CMICABLES,,-1.0,1,,NSE,5.0
5969,15146,JYOTHYLAB-EQ,JYOTHYLAB,,-1.0,1,,NSE,5.0
5970,3676,VESUVIUS-EQ,VESUVIUS,,-1.0,1,,NSE,5.0
5978,15254,CEATLTD-EQ,CEATLTD,,-1.0,1,,NSE,5.0
5979,17022,MAWANASUG-EQ,MAWANASUG,,-1.0,1,,NSE,5.0
5980,2709,MTARTECH-EQ,MTARTECH,,-1.0,1,,NSE,5.0
5981,3776,IWEL-EQ,IWEL,,-1.0,1,,NSE,5.0
5986,9819,HAVELLS-EQ,HAVELLS,,-1.0,1,,NSE,5.0
5990,9309,STLTECH-EQ,STLTECH,,-1.0,1,,NSE,5.0
5995,10755,APTECHT-EQ,APTECHT,,-1.0,1,,NSE,5.0
6002,11301,LUXIND-EQ,LUXIND,,-1.0,1,,NSE,5.0
6004,10074,EMAMIPAP-EQ,EMAMIPAP,,-1.0,1,,NSE,5.0
6008,2176,AKG-EQ,AKG,,-1.0,1,,NSE,5.0
6013,16395,MMP-EQ,MMP,,-1.0,1,,NSE,5.0
6014,13182,ROHLTD-EQ,ROHLTD,,-1.0,1,,NSE,5.0
6017,827,DEEPAKFERT-EQ,DEEPAKFERT,,-1.0,1,,NSE,5.0
6019,6713,MOLDTKPAC-EQ,MOLDTKPAC,,-1.0,1,,NSE,5.0
6026,13463,PIONEEREMB-EQ,PIONEEREMB,,-1.0,1,,NSE,5.0
6027,13750,FLUOROCHEM-EQ,FLUOROCHEM,,-1.0,1,,NSE,5.0
6028,15044,DELTACORP-EQ,DELTACORP,,-1.0,1,,NSE,5.0
6030,3963,GOCLCORP-EQ,GOCLCORP,,-1.0,1,,NSE,5.0
6041,13839,DONEAR-EQ,DONEAR,,-1.0,1,,NSE,5.0
6042,2144,BDL-EQ,BDL,,-1.0,1,,NSE,5.0
6044,18921,VBL-EQ,VBL,,-1.0,1,,NSE,5.0
6050,263,ATUL-EQ,ATUL,,-1.0,1,,NSE,5.0
6051,11581,GULFPETRO-EQ,GULFPETRO,,-1.0,1,,NSE,5.0
6056,17957,MMTC-EQ,MMTC,,-1.0,1,,NSE,5.0
6059,21704,DCAL-EQ,DCAL,,-1.0,1,,NSE,5.0
6063,1153,GLAXO-EQ,GLAXO,,-1.0,1,,NSE,5.0
6066,21676,HINDMOTORS-EQ,HINDMOTORS,,-1.0,1,,NSE,5.0
6072,9354,TAJGVK-EQ,TAJGVK,,-1.0,1,,NSE,5.0
6073,13791,PARSVNATH-EQ,PARSVNATH,,-1.0,1,,NSE,5.0
6077,18208,ORIENTLTD-EQ,ORIENTLTD,,-1.0,1,,NSE,5.0
6083,1726,JBCHEPHARM-EQ,JBCHEPHARM,,-1.0,1,,NSE,5.0
6090,20616,SUPERHOUSE-EQ,SUPERHOUSE,,-1.0,1,,NSE,5.0
6091,4838,ICICILIQ-EQ,ICICILIQ,,-1.0,1,,NSE,1.0
6097,9617,SPLPETRO-EQ,SPLPETRO,,-1.0,1,,NSE,5.0
6111,12304,JSLHISAR-EQ,JSLHISAR,,-1.0,1,,NSE,5.0
6113,6125,GOODLUCK-EQ,GOODLUCK,,-1.0,1,,NSE,5.0
6114,583,CANFINHOME-EQ,CANFINHOME,,-1.0,1,,NSE,5.0
6115,24403,ASHIANA-EQ,ASHIANA,,-1.0,1,,NSE,5.0
6116,13111,ORIENTABRA-EQ,ORIENTABRA,,-1.0,1,,NSE,5.0
6117,10588,SHREEPUSHK-EQ,SHREEPUSHK,,-1.0,1,,NSE,5.0
6118,235,AAKASH-EQ,AAKASH,,-1.0,1,,NSE,5.0
6124,724,TATACOFFEE-EQ,TATACOFFEE,,-1.0,1,,NSE,5.0
6125,31475,ORBTEXP-EQ,ORBTEXP,,-1.0,1,,NSE,5.0
6126,16669,BAJAJ-AUTO-EQ,BAJAJ-AUTO,,-1.0,1,,NSE,5.0
6137,29430,ANKITMETAL-EQ,ANKITMETAL,,-1.0,1,,NSE,5.0
6147,4127,SAMBHAAV-EQ,SAMBHAAV,,-1.0,1,,NSE,5.0
6150,10515,UTISENSETF-EQ,UTISENSETF,,-1.0,1,,NSE,1.0
6155,17357,GKWLIMITED-EQ,GKWLIMITED,,-1.0,1,,NSE,5.0
6157,2268,MOTOGENFIN-EQ,MOTOGENFIN,,-1.0,1,,NSE,5.0
6159,19049,SANCO-EQ,SANCO,,-1.0,1,,NSE,5.0
6161,21399,GANGESSECU-EQ,GANGESSECU,,-1.0,1,,NSE,5.0
6167,15399,EIHAHOTELS-EQ,EIHAHOTELS,,-1.0,1,,NSE,5.0
6169,2664,PIDILITIND-EQ,PIDILITIND,,-1.0,1,,NSE,5.0
6171,595,CARBORUNIV-EQ,CARBORUNIV,,-1.0,1,,NSE,5.0
6174,874,ASTRON-EQ,ASTRON,,-1.0,1,,NSE,5.0
6175,17541,DAMODARIND-EQ,DAMODARIND,,-1.0,1,,NSE,5.0
6188,805,DCM-EQ,DCM,,-1.0,1,,NSE,5.0
6192,22739,MON100-EQ,MON100,,-1.0,1,,NSE,1.0
6193,1614,FAIRCHEMOR-EQ,FAIRCHEMOR,,-1.0,1,,NSE,5.0
6197,3327,SUDARSCHEM-EQ,SUDARSCHEM,,-1.0,1,,NSE,5.0
6198,2492,SILGO-EQ,SILGO,,-1.0,1,,NSE,5.0
6200,6227,DTIL-EQ,DTIL,,-1.0,1,,NSE,5.0
6202,18220,KECL-EQ,KECL,,-1.0,1,,NSE,5.0
6203,3892,HATSUN-EQ,HATSUN,,-1.0,1,,NSE,5.0
6204,7835,WFL-EQ,WFL,,-1.0,1,,NSE,5.0
6207,3275,TEMBO-EQ,TEMBO,,-1.0,1,,NSE,5.0
6208,31468,LYPSAGEMS-EQ,LYPSAGEMS,,-1.0,1,,NSE,5.0
6209,25023,GAYAPROJ-EQ,GAYAPROJ,,-1.0,1,,NSE,5.0
6212,8614,INDOBORAX-EQ,INDOBORAX,,-1.0,1,,NSE,5.0
6219,1129,KEERTI-EQ,KEERTI,,-1.0,1,,NSE,5.0
6220,4430,JMCPROJECT-EQ,JMCPROJECT,,-1.0,1,,NSE,5.0
6226,9378,DHANVARSHA-EQ,DHANVARSHA,,-1.0,1,,NSE,5.0
6233,4391,GULFOILLUB-EQ,GULFOILLUB,,-1.0,1,,NSE,5.0
6234,1168,GMBREW-EQ,GMBREW,,-1.0,1,,NSE,5.0
6244,9874,GOLDTECH-EQ,GOLDTECH,,-1.0,1,,NSE,5.0
6245,2885,RELIANCE-EQ,RELIANCE,,-1.0,1,,NSE,5.0
6246,9253,NILAINFRA-EQ,NILAINFRA,,-1.0,1,,NSE,5.0
6252,15303,BANG-EQ,BANG,,-1.0,1,,NSE,5.0
6257,22233,DHUNINV-EQ,DHUNINV,,-1.0,1,,NSE,5.0
6261,13611,IRCTC-EQ,IRCTC,,-1.0,1,,NSE,5.0
6263,9921,ALANKIT-EQ,ALANKIT,,-1.0,1,,NSE,5.0
6265,2687,POLYPLEX-EQ,POLYPLEX,,-1.0,1,,NSE,5.0
6269,2319,NCC-EQ,NCC,,-1.0,1,,NSE,5.0
6270,11731,CONSOFINVT-EQ,CONSOFINVT,,-1.0,1,,NSE,5.0
6274,7627,SHREERAMA-EQ,SHREERAMA,,-1.0,1,,NSE,5.0
6280,6818,LATENTVIEW-EQ,LATENTVIEW,,-1.0,1,,NSE,5.0
6285,14858,KOTAKGOLD-EQ,KOTAKGOLD,,-1.0,1,,NSE,1.0
6292,30392,ICICINF100-EQ,ICICINF100,,-1.0,1,,NSE,1.0
6299,15032,PSUBNKBEES-EQ,PSUBNKBEES,,-1.0,1,,NSE,1.0
6310,14101,PTL-EQ,PTL,,-1.0,1,,NSE,5.0
6313,22440,UTIBANKETF-EQ,UTIBANKETF,,-1.0,1,,NSE,1.0
6317,9889,SMARTLINK-EQ,SMARTLINK,,-1.0,1,,NSE,5.0
6321,12489,SWSOLAR-EQ,SWSOLAR,,-1.0,1,,NSE,5.0
6322,393,GLOBE-EQ,GLOBE,,-1.0,1,,NSE,5.0
6325,1030,AARON-EQ,AARON,,-1.0,1,,NSE,5.0
6326,3715,VLSFINANCE-EQ,VLSFINANCE,,-1.0,1,,NSE,5.0
6328,7030,ASIANENE-EQ,ASIANENE,,-1.0,1,,NSE,5.0
6335,371,BATAINDIA-EQ,BATAINDIA,,-1.0,1,,NSE,5.0
6337,2705,PRAJIND-EQ,PRAJIND,,-1.0,1,,NSE,5.0
6347,11681,IMPEXFERRO-EQ,IMPEXFERRO,,-1.0,1,,NSE,5.0
6351,3103,SHREECEM-EQ,SHREECEM,,-1.0,1,,NSE,5.0
6353,1174,GNFC-EQ,GNFC,,-1.0,1,,NSE,5.0
6355,14745,ADVANIHOTR-EQ,ADVANIHOTR,,-1.0,1,,NSE,5.0
6359,14982,CENTUM-EQ,CENTUM,,-1.0,1,,NSE,5.0
6363,6973,DHARAMSI-EQ,DHARAMSI,,-1.0,1,,NSE,5.0
6365,31837,SREEL-EQ,SREEL,,-1.0,1,,NSE,5.0
6367,6417,KRITI-EQ,KRITI,,-1.0,1,,NSE,5.0
6379,25136,BROOKS-EQ,BROOKS,,-1.0,1,,NSE,5.0
6383,15017,MAANALU-EQ,MAANALU,,-1.0,1,,NSE,5.0
6392,11573,FORCEMOT-EQ,FORCEMOT,,-1.0,1,,NSE,5.0
6399,1412,AGI-EQ,AGI,,-1.0,1,,NSE,5.0
6401,13751,NAUKRI-EQ,NAUKRI,,-1.0,1,,NSE,5.0
6404,5585,VIJAYA-EQ,VIJAYA,,-1.0,1,,NSE,5.0
6407,27037,TBZ-EQ,TBZ,,-1.0,1,,NSE,5.0
6410,13673,ANSALHSG-EQ,ANSALHSG,,-1.0,1,,NSE,5.0
6414,13725,DCBBANK-EQ,DCBBANK,,-1.0,1,,NSE,5.0
6415,14957,MAGNUM-EQ,MAGNUM,,-1.0,1,,NSE,5.0
6416,8124,AJANTPHARM-EQ,AJANTPHARM,,-1.0,1,,NSE,5.0
6417,14278,ORIENTBELL-EQ,ORIENTBELL,,-1.0,1,,NSE,5.0
6421,3456,TATAMOTORS-EQ,TATAMOTORS,,-1.0,1,,NSE,5.0
6423,13236,SADBHAV-EQ,SADBHAV,,-1.0,1,,NSE,5.0
6432,14174,IZMO-EQ,IZMO,,-1.0,1,,NSE,5.0
6433,3252,SPIC-EQ,SPIC,,-1.0,1,,NSE,5.0
6438,18457,POWERINDIA-EQ,POWERINDIA,,-1.0,1,,NSE,5.0
6442,11212,SHK-EQ,SHK,,-1.0,1,,NSE,5.0
6454,17438,OIL-EQ,OIL,,-1.0,1,,NSE,5.0
6464,17702,ICICIMCAP-EQ,ICICIMCAP,,-1.0,1,,NSE,1.0
6466,3507,MAFANG-EQ,MAFANG,,-1.0,1,,NSE,1.0
6474,10786,NOIDATOLL-EQ,NOIDATOLL,,-1.0,1,,NSE,5.0
6475,6364,NATIONALUM-EQ,NATIONALUM,,-1.0,1,,NSE,5.0
6481,8828,GAEL-EQ,GAEL,,-1.0,1,,NSE,5.0
6484,7456,DSPQ50ETF-EQ,DSPQ50ETF,,-1.0,1,,NSE,1.0
6488,15034,BAJAJELEC-EQ,BAJAJELEC,,-1.0,1,,NSE,5.0
6493,13730,INSPIRISYS-EQ,INSPIRISYS,,-1.0,1,,NSE,5.0
6497,15283,KNRCON-EQ,KNRCON,,-1.0,1,,NSE,5.0
6503,15049,ENERGYDEV-EQ,ENERGYDEV,,-1.0,1,,NSE,5.0
6504,25392,PANAMAPET-EQ,PANAMAPET,,-1.0,1,,NSE,5.0
6506,13587,ACE-EQ,ACE,,-1.0,1,,NSE,5.0
6509,4394,MIRZAINT-EQ,MIRZAINT,,-1.0,1,,NSE,5.0
6510,11457,KOTAKNV20-EQ,KOTAKNV20,,-1.0,1,,NSE,1.0
6518,3172,GILT5YBEES-EQ,GILT5YBEES,,-1.0,1,,NSE,1.0
6520,426,BHARATGEAR-EQ,BHARATGEAR,,-1.0,1,,NSE,5.0
6526,11856,SHAHALLOYS-EQ,SHAHALLOYS,,-1.0,1,,NSE,5.0
6530,17869,JSWENERGY-EQ,JSWENERGY,,-1.0,1,,NSE,5.0
6535,308,BAJAJHIND-EQ,BAJAJHIND,,-1.0,1,,NSE,5.0
6542,16821,VINYLINDIA-EQ,VINYLINDIA,,-1.0,1,,NSE,5.0
6543,19111,NBIFIN-EQ,NBIFIN,,-1.0,1,,NSE,5.0
6545,1181,GODFRYPHLP-EQ,GODFRYPHLP,,-1.0,1,,NSE,5.0
6556,676,EXIDEIND-EQ,EXIDEIND,,-1.0,1,,NSE,5.0
6559,4179,SUNDRMBRAK-EQ,SUNDRMBRAK,,-1.0,1,,NSE,5.0
6561,13451,RATNAMANI-EQ,RATNAMANI,,-1.0,1,,NSE,5.0
6573,13511,MUNJALAU-EQ,MUNJALAU,,-1.0,1,,NSE,5.0
6575,1250,CASTROLIND-EQ,CASTROLIND,,-1.0,1,,NSE,5.0
6576,11140,SUMIT-EQ,SUMIT,,-1.0,1,,NSE,5.0
6577,19223,TCIEXP-EQ,TCIEXP,,-1.0,1,,NSE,5.0
6581,1394,HINDUNILVR-EQ,HINDUNILVR,,-1.0,1,,NSE,5.0
6582,7016,SHIVALIK-EQ,SHIVALIK,,-1.0,1,,NSE,5.0
6592,199,MASFIN-EQ,MASFIN,,-1.0,1,,NSE,5.0
6598,17044,SHARIABEES-EQ,SHARIABEES,,-1.0,1,,NSE,1.0
6605,17821,ARSHIYA-EQ,ARSHIYA,,-1.0,1,,NSE,5.0
6606,5206,ANDREWYU-EQ,ANDREWYU,,-1.0,1,,NSE,5.0
6615,11045,SATIA-EQ,SATIA,,-1.0,1,,NSE,5.0
6621,17307,AJMERA-EQ,AJMERA,,-1.0,1,,NSE,5.0
6624,2056,HOMEFIRST-EQ,HOMEFIRST,,-1.0,1,,NSE,5.0
6625,5204,GMDCLTD-EQ,GMDCLTD,,-1.0,1,,NSE,5.0
6626,8825,PRIVISCL-EQ,PRIVISCL,,-1.0,1,,NSE,5.0
6629,11373,BIOCON-EQ,BIOCON,,-1.0,1,,NSE,5.0
6632,11813,SHOPERSTOP-EQ,SHOPERSTOP,,-1.0,1,,NSE,5.0
6634,6913,RPPL-EQ,RPPL,,-1.0,1,,NSE,5.0
6637,7965,MALLCOM-EQ,MALLCOM,,-1.0,1,,NSE,5.0
6645,3466,TFCILTD-EQ,TFCILTD,,-1.0,1,,NSE,5.0
6651,30125,IBULHSGFIN-EQ,IBULHSGFIN,,-1.0,1,,NSE,5.0
6652,11343,AFFLE-EQ,AFFLE,,-1.0,1,,NSE,5.0
6655,7422,MONQ50-EQ,MONQ50,,-1.0,1,,NSE,1.0
6658,21749,CAPACITE-EQ,CAPACITE,,-1.0,1,,NSE,5.0
6662,22239,EBBETF0431-EQ,EBBETF0431,,-1.0,1,,NSE,1.0
6666,13086,AIAENG-EQ,AIAENG,,-1.0,1,,NSE,5.0
6669,6579,FINOPB-EQ,FINOPB,,-1.0,1,,NSE,5.0
6670,5865,LAGNAM-EQ,LAGNAM,,-1.0,1,,NSE,5.0
6678,1008,FACT-EQ,FACT,,-1.0,1,,NSE,5.0
6679,8050,MAHLIFE-EQ,MAHLIFE,,-1.0,1,,NSE,5.0
6681,16827,KOKUYOCMLN-EQ,KOKUYOCMLN,,-1.0,1,,NSE,5.0
6682,772,DABUR-EQ,DABUR,,-1.0,1,,NSE,5.0
6690,5108,KPIGREEN-EQ,KPIGREEN,,-1.0,1,,NSE,5.0
6692,22347,MACPOWER-EQ,MACPOWER,,-1.0,1,,NSE,5.0
6694,3546,TTKPRESTIG-EQ,TTKPRESTIG,,-1.0,1,,NSE,5.0
6704,5782,MASPTOP50-EQ,MASPTOP50,,-1.0,1,,NSE,1.0
6720,4055,PANACEABIO-EQ,PANACEABIO,,-1.0,1,,NSE,5.0
6721,317,BAJFINANCE-EQ,BAJFINANCE,,-1.0,1,,NSE,5.0
6726,527,UTIAMC-EQ,UTIAMC,,-1.0,1,,NSE,5.0
6731,11927,NECLIFE-EQ,NECLIFE,,-1.0,1,,NSE,5.0
6733,15124,KOLTEPATIL-EQ,KOLTEPATIL,,-1.0,1,,NSE,5.0
6738,1327,HCL-INSYS-EQ,HCL-INSYS,,-1.0,1,,NSE,5.0
6740,4157,KEYFINSERV-EQ,KEYFINSERV,,-1.0,1,,NSE,5.0
6742,79,ALEMBICLTD-EQ,ALEMBICLTD,,-1.0,1,,NSE,5.0
6744,14366,IDEA-EQ,IDEA,,-1.0,1,,NSE,5.0
6750,13055,PBAINFRA-EQ,PBAINFRA,,-1.0,1,,NSE,5.0
6757,2988,SANDESH-EQ,SANDESH,,-1.0,1,,NSE,5.0
6759,685,CHOLAFIN-EQ,CHOLAFIN,,-1.0,1,,NSE,5.0
6763,2350,NURECA-EQ,NURECA,,-1.0,1,,NSE,5.0
6770,4973,PHARMABEES-EQ,PHARMABEES,,-1.0,1,,NSE,1.0
